Time,Velocity,Acceleration,Battery,EnergyConsumption,Solar,Cumulative Distance
0.0,2.8821566929043185,,100.0,,,0.0
200.0,21.072282200564104,0.0909506275382989,101.10986341288832,33.0560642423345,66.96239150607296,2.395443889346842
400.0,17.768047321897562,-0.0165211743933327,101.97225877170072,73.46146589306902,133.7139713685265,6.2794768415930085
600.0,19.001857614342413,0.0061690514622242,102.7862322670799,115.11835150341072,200.23774726270145,9.956467335217006
800.0,19.187716839913243,0.0009292961278541,103.52616598280446,158.79042105850922,266.51479183318537,13.775424780642572
1000.0,19.352060953754226,0.0008217205692049,104.22987916920354,203.30358570089788,332.5263943200657,17.629402560009318
1200.0,21.15063137780045,0.0089928521202311,104.67871794760366,255.3192430753792,398.2540763746708,21.679671793164783
1400.0,19.13847729080742,-0.0100607704349651,105.31839972021112,301.20249608379004,463.6796075362391,25.708582660025574
1600.0,19.113193190044925,-0.0001264205038124,106.02450272837582,344.7364619960935,528.7850203479745,29.533749708110808
1800.0,19.769757382278996,0.0032828209611703,106.6365500589554,390.8060207905946,593.5526250916816,33.4220447653432
2000.0,19.53555354301295,-0.0011710191963302,107.24271374817393,436.7001191142354,657.9650241209486,37.35257585787239
2200.0,19.634039071333195,0.0004924276416012,107.83266252401552,482.7172856649769,722.005125773651,41.269535119307
2400.0,21.22885323488262,0.0079740708177471,108.19053769169597,535.435231364103,785.6561578454142,45.35582434992858
2600.0,19.67781327116161,-0.007755199818605,108.68324093935028,583.6286699093826,848.9016806065326,49.446491000533
2800.0,20.287120910272744,0.0030465381955556,109.14139167728464,632.4560836047267,911.725599345772,53.44298441867644
3000.0,19.6360284297342,-0.0032554624026927,109.64834927530654,679.3551060648035,974.1121764254184,57.435299352677134
3200.0,19.259314559730665,-0.0018835693500176,110.18558887829656,724.8763026009387,1036.0460428328995,61.324833651623614
3400.0,19.971470280934117,0.0035607786060172,110.62891757887571,772.7987771806555,1097.512209215309,65.2479121356901
3600.0,20.347963406071948,0.0018824656256891,110.97721858400308,823.1420486428729,1158.496076384167,69.2798555043907
3800.0,20.31005946329942,-0.0001895197138626,111.29887112967111,873.8029322673348,1218.9834452787877,73.34565779132782
4000.0,19.70201417701892,-0.0030402264314025,111.68795608532068,921.8934679711276,1278.960526377674,77.34686515535965
4200.0,19.955342487469917,0.0012666415522549,112.05007056695727,970.2842927278808,1338.4139485484257,81.31260082180853
4400.0,19.55937552184253,-0.0019798348281369,112.4372565360214,1017.3725801522588,1397.3307673277127,85.26407262273979
4600.0,19.61408877099518,0.0002735662457632,112.81450864204643,1064.2152336094434,1455.6984726239623,89.18141905202356
4800.0,19.93644333250956,0.0016117728075718,113.12871283253747,1112.4228188024629,1513.5049958364823,93.13647226237404
5000.0,20.21629174933956,0.0013992420841499,113.37362504989308,1162.1744711116155,1570.73871638585,97.15174577055896
5200.0,19.83624317071985,-0.0019002428930985,113.639489842786,1210.7020529543624,1627.388467651475,101.1569992625649
5400.0,18.427890584562267,-0.0070417629307879,114.08283854715216,1253.2128246978502,1683.4435423133486,104.9834126380931
5600.0,21.38211407700925,0.0147711174622349,114.17356863621224,1305.8911752597887,1738.8936970960729,108.96441310425026
5800.0,19.158277386341627,-0.0111191834533381,114.42548419163164,1353.0306148599907,1793.7291569143365,113.01845225058534
6000.0,21.16438470350465,0.0100305365858151,114.4741435211896,1405.755533847745,1847.9406184200875,117.05071845956996
6200.0,18.164223902299423,-0.0150008040060261,114.82347103928188,1448.6622127026403,1901.519252952702,120.98357932015035
6400.0,19.75594449617238,0.0079586029693647,114.89653279568071,1499.367631986449,1954.4567088944943,124.77559615999756
6600.0,19.430183808870677,-0.0016288034365085,114.92489677533936,1550.789516948328,2006.745113434945,128.69420899050186
6800.0,19.26578091852337,-0.0008220144517365,114.96737844179964,1601.1236623510435,2058.377073748023,132.56380546324127
7000.0,20.398791228825168,0.0056650515515089,114.841413301552,1655.940501225566,2109.34567758798,136.53026267797614
7200.0,19.687463773312817,-0.0035566372775617,114.7418815033571,1709.2800133823837,2159.6444933099438,140.53888817818992
7400.0,19.587405072012857,-0.0005002935064998,114.6646546873281,1761.262368624717,2209.2675693225906,144.46637506272248
7600.0,19.39201539992728,-0.0009769483604278,114.59569387884947,1812.3109849822315,2258.209432981083,148.3643171099165
7800.0,18.8033973376288,-0.0029430903114924,114.58998265267002,1860.7411188902704,2306.465088929339,152.18385838367212
8000.0,20.106841724678898,0.0065172219352504,114.41309259740235,1913.710038050919,2354.030016901561,156.0748822899029
8200.0,19.744913195712687,-0.001809642644831,114.20614070932083,1966.902570324019,2400.900168993771,160.06005778194205
8400.0,20.18980754873897,0.0022244717651314,113.93070590641815,2021.4889009758087,2447.071966416884,164.0535298563872
8600.0,19.70432319815475,-0.002427421752921,113.67991246678838,2074.6209698832163,2492.542295743601,168.04294293107657
8800.0,19.925938633985247,0.0011080771791524,113.39676595507888,2128.037304734473,2537.308504662133,172.0059691142906
9000.0,21.044336051678705,0.0055919870884672,112.92252155796264,2186.58536365467,2581.368397250429,176.10299658285695
9200.0,19.748982690508274,-0.0064767668058521,112.55847855277614,2241.0587089979263,2624.7202287852374,180.1823284570757
9400.0,20.867620660984183,0.0055931898523795,112.36200017726114,2289.7035946855904,2667.362700100918,184.2439887922249
9600.0,18.94793744992559,-0.0095984160552929,112.35461009311264,2331.861613168901,2709.294951513492,188.2255446033159
9800.0,19.77097823476836,0.0041152039242138,112.28589751241093,2375.1823873217795,2750.516556325933,192.0974361717853
10000.0,19.166218286726743,-0.003023799740208,112.24184123590749,2417.0392641742146,2791.0275139311884,195.99115582393483
10200.0,19.15171644947424,-7.25091862625149e-05,112.19683540998489,2458.214920754799,2830.828242529837,199.8229492975549
10400.0,19.493177487578876,0.0017073051905231,112.08638954103016,2500.6803710012464,2869.919571479718,203.6874386912602
10600.0,19.833089218213512,0.0016995586531731,111.89731247794262,2544.839837094026,2908.3027332951733,207.6200653618395
10800.0,19.801593096742295,-0.000157480607356,111.67686609863983,2589.251096000457,2945.9793553139048,211.58353359333503
11000.0,19.678539937756607,-0.0006152657949284,111.45045273185958,2633.1401200913574,2982.951451049668,215.53154689678493
11200.0,18.957474302315948,-0.0036053281772032,111.29689234027045,2674.101350254024,3019.2214112492857,219.3951483207922
11400.0,19.999872835948604,0.0052119926681632,111.01365503292732,2718.3248334166906,3054.7919946726206,223.29088303461864
11600.0,19.150996628764663,-0.0042443810359196,110.7791768798154,2760.3624649359454,3089.666318614306,227.20596998109
11800.0,20.184881988601354,0.0051694267991834,110.4195053482993,2805.5319607955767,3123.84784918612,231.13955784282655
12000.0,18.543423419498662,-0.0082072928455134,110.20985352596884,2845.429366160606,3157.340391378955,235.0123883836366
12200.0,19.703903851912795,0.0058024021620706,109.88838217234988,2888.0580035580515,3190.148078923341,238.83712111077776
12400.0,19.69453716478404,-4.683343564378717e-05,109.50482408787408,2931.902988082932,3222.2753639674847,242.77696521244744
12600.0,19.3092691725819,-0.0019263399610106,109.12682492098114,2974.902505255722,3253.7270065916964,246.677345846184
12800.0,20.73960003763468,0.0071516543252638,108.55418107948348,3023.177832199773,3284.5080641779928,250.68223276720565
13000.0,18.405565366803664,-0.011670173354155,108.21110855325738,3063.774514351531,3314.6238806535434,254.5967493076495
13200.0,20.466896450763024,0.0103066554197967,107.66601718475368,3109.883250632205,3344.0800756264307,258.48399548940614
13400.0,19.798818662403598,-0.0033403889417971,107.10955297744638,3155.6856899710288,3372.882533432016,262.5105670007228
13600.0,20.513270098957907,0.0035722571827715,106.46205896303736,3203.621490787155,3401.0373921079463,266.541775876859
13800.0,19.37256241908123,-0.0057035383993833,105.91780322840644,3247.7621436877625,3428.5510323155795,270.5303591286629
14000.0,19.988170906983434,0.003078042439511,105.31434850916644,3293.0767192702715,3455.4300662253063,274.4664324612694
14200.0,19.777974969883,-0.0010509796855021,104.69498113433872,3338.249652728855,3481.6813263829035,278.44304704895603
14400.0,19.18877955401772,-0.0029459770793264,104.13883915231712,3380.8703184704304,3507.3118545737184,282.3397225013461
14600.0,18.803321457212707,-0.001927290484025,103.63073087808996,3421.4100623754307,3532.3288907010788,286.1389326024691
14800.0,20.211165787944456,0.0070392216536587,102.93870791316508,3466.96233494774,3556.7398616949336,290.04038132698486
15000.0,19.44700529961161,-0.0038208024416642,102.27453295183204,3511.0653887878143,3580.552370466283,294.00619843574043
15200.0,19.365327105539382,-0.0004083909703611,101.62871308811532,3554.017000080588,3603.7741849225113,297.8874316762555
15400.0,19.27564668443228,-0.0004484021055355,100.9780091373091,3596.5350479134727,3626.413227058266,301.7515290552527
15600.0,19.99379058382565,0.0035907194969668,100.21981513032084,3641.762209904716,3648.477562136018,305.67847278207853
15800.0,19.60286347248776,-0.0019546355566894,99.32108652017456,3690.716194778627,3669.97538796996,309.6381381877099
16000.0,18.44647836456172,-0.0057819255396302,98.56902380825665,3734.631346984089,3690.91502432633,313.44307237141487
16200.0,19.41865589000405,0.0048608876272116,97.71854115329114,3781.003470219725,3711.3049024527695,317.22958579687145
16400.0,18.711048592392068,-0.0035380364880599,96.9040293123358,3825.735459256847,3731.1535547487065,321.04255624511103
16600.0,0.0,0.0,219.19719876976848,0.0,3736.056326924567,321.04255624511103
16800.0,0.0,0.0,219.36412951420817,0.0,3741.156061167202,321.04255624511103
17000.0,0.0,0.0,219.53771486104796,0.0,3746.459093513157,321.04255624511103
17200.0,0.0,0.0,219.71816644241366,0.0,3751.9718893238796,321.04255624511103
17400.0,0.0,0.0,219.90570009931864,0.0,3757.7010425423255,321.04255624511103
17600.0,0.0,0.0,220.1005358512652,0.0,3763.6532747642937,321.04255624511103
17800.0,0.0,0.0,220.30289785958988,0.0,3769.8354341186123,321.04255624511103
18000.0,0.0,0.0,220.51301438436178,0.0,3776.2544939503937,321.04255624511103
18200.0,0.0,0.0,220.73111773465058,0.0,3782.9175513017167,321.04255624511103
18400.0,19.229286716423758,0.0025911906201584,96.03251815591308,3871.676174925115,3750.4696045882592,324.8365897759926
18600.0,19.23825015585926,4.481719717752242e-05,95.12305952759836,3918.252287738408,3769.261756306537,328.6833434632209
18800.0,18.59777904337531,-0.0032023555624197,94.277948426825,3962.347460920167,3787.5387853596712,332.4669463831444
19000.0,20.12371915072561,0.0076297005367514,93.24427687535604,4011.696870126172,3805.3095286682983,336.33909620255446
19200.0,19.467482271958943,-0.0032811843938333,92.2201573780799,4060.257067253326,3822.582875153667,340.29821634482295
19400.0,20.89877663671984,0.0071564718238044,91.0123042805848,4113.941860703039,3839.3677564749046,344.33484223569087
19600.0,19.22739214703796,-0.0083569224484094,89.95783641835096,4162.461235394814,3855.673137975437,348.3474591140666
19800.0,21.70945773715047,0.0124103279505625,88.6151503460694,4219.315166773505,3871.508009845925,352.44114410248545
20000.0,18.57845533807655,-0.0156550119953695,87.58553240099423,4266.143363660144,3886.8813785105176,356.46993541000813
20200.0,19.3603340069222,0.0039093933442282,86.55845778124123,4312.441373025697,3901.802258242617,360.263814344508
20400.0,19.087228283877085,-0.0013655286152255,85.52225251802702,4358.574848590057,3916.279663015782,364.1085705735879
20600.0,20.80313636269009,0.008579540394065,84.25448202148598,4411.348172838422,3930.322598594819,368.09760703824463
20800.0,17.753852010422452,-0.0152464217613381,83.45594640646871,4449.360892153904,3943.940054871523,371.9533058755558
21000.0,19.19503525621662,0.0072059162289708,82.5664134402359,4489.737067849786,3957.140998448993,375.64819460221975
21200.0,19.58250568935049,0.0019373521656693,81.56642916611202,4533.079954453147,3969.9343654778695,379.5259486967765
21400.0,17.88168984030155,-0.0085040792452447,80.74976333896367,4570.423784741969,3982.329054747309,383.2723682497417
21600.0,20.501948574290623,0.0131012936699453,79.65441722944212,4615.891474673532,3994.3339210329887,387.1107320912009
21800.0,19.78972887451915,-0.0035610984988573,78.54164220980017,4661.510599194481,4005.957768703877,391.1398998360818
22000.0,18.321676367287928,-0.0073402625361561,77.62817705425398,4700.668536581581,4017.20934558904,394.95104036026254
22200.0,20.44242305023353,0.0106037334147279,76.48749613996715,4746.404330029238,4028.097337105234,398.8274503020147
22400.0,18.02791440261412,-0.012072543238097,75.5657453551491,4785.096840045736,4038.630360645541,402.6744840472995
22600.0,20.12861162815241,0.0105034861276914,74.4529893746442,4829.278134833497,4048.8169602288767,406.49013665037614
22800.0,18.1621210527104,-0.00983245287721,73.50232318171673,4868.169628208266,4058.665601409712,410.3192099184624
23000.0,19.568044521486254,0.0070296173438792,72.43304396883406,4910.355173199047,4068.184666446927,414.0922264758821
23200.0,19.116919150393134,-0.0022556268554656,71.36121953122357,4952.297193051422,4077.382449730302,417.9607228430701
23400.0,19.19822382304513,0.0004065233632599,70.28437895781957,4994.079376301359,4086.2671534627466,421.7922371404139
23600.0,19.867525777364484,0.0033465097715967,69.1098972149316,5038.539523679809,4094.846883595969,425.69881210045486
23800.0,19.37356380189191,-0.0024698098773628,67.96512613066085,5081.795042725262,4103.129646016951,429.6229210583805
24000.0,19.306529688539296,-0.000335170566763,66.72361300991693,5127.716965529241,4111.123342982203,433.49093040742366
24200.0,18.5588704636089,-0.0037382961246519,65.57014836666205,5170.667737194966,4118.835769796492,437.2774704226385
24400.0,20.375665052078283,0.0090839729423469,64.20246759265378,5219.889226776796,4126.274611732369,441.1709239742072
24600.0,18.889207631755877,-0.007432287101612,62.950670116738166,5265.304469120225,4133.447441186576,445.0974112425906
24800.0,20.46610842678125,0.0078845039751268,61.54032992382028,5315.304635896393,4140.361715069103,449.0329428484444
25000.0,19.2321136205331,-0.0061699740312407,60.22345847837588,5362.198115906042,4147.0247724204255,453.0027650531758
25200.0,19.14963366535043,-0.0004123997759133,58.95581533989664,5407.343673618365,4153.443832252207,456.8409397817642
25400.0,19.56228529376183,0.0020632581420569,57.63040146602577,5454.017226819439,4159.625991606526,460.7121316776754
25600.0,18.13954546934901,-0.007113699122064,56.462422417516585,5495.651218973363,4165.578223828495,464.4823147539865
25800.0,18.935732148222066,0.0039809333943652,55.23846592117303,5538.772243155104,4171.30737704694,468.1898425157436
26000.0,19.230562805594563,0.0014741532868624,53.94179607650892,5583.898302720316,4176.820172857663,472.00647201112525
26200.0,18.15665909354506,-0.0053695185602475,52.76169478781298,5625.253429435931,4182.1232052036175,475.7451942010392
26400.0,20.030308558783165,0.0093682473261905,51.37854184704639,5672.608486018985,4187.222939446252,479.563890966272
26600.0,19.15057811486193,-0.0043986522196061,50.03134745403513,5718.66804690134,4192.125711622113,483.4819796336365
26800.0,17.80038131930365,-0.0067509839777913,48.87765843676775,5758.62526263546,4196.837727878715,487.17707557705313
27000.0,18.883555077278068,0.005415868789872,47.6326448018215,5801.187765387965,4201.365064083611,490.8454692167113
27200.0,18.912263029750772,0.0001435397623635,46.33993464525371,5845.028662188015,4205.713665600516,494.6250510274141
27400.0,19.920269818214827,0.0050400339423202,44.97688867918773,5890.845398077097,4209.889347226283,498.5083043122107
27600.0,19.532077528447267,-0.0019409614488377,43.62113871394602,5936.272005571449,4213.8977932825,502.45353904687687
27800.0,19.599078259801065,0.0003350036567689,42.26579501532087,5981.524520137402,4217.744557855454,506.3666546257017
28000.0,18.230603302572284,-0.0068423747861439,41.07512713806202,6021.589931110387,4221.4350651781815,510.1496227819391
28200.0,19.87508944650819,0.0082224307196795,39.72234461129908,6066.45698227316,4224.974610148347,513.9601920568471
28400.0,18.215845591405,-0.0082962192755159,38.514745711920455,6106.742877476529,4228.368358975699,517.7692855606384
28600.0,19.61953964367973,0.0070184702613736,37.18533667598191,6150.609314501628,4231.621349952875,521.5528240841469
28800.0,19.168049683775465,-0.0022574497995213,35.858302126232424,6194.267364386969,4234.73849434337,525.4315830168924
29000.0,17.963440081466427,-0.0060230480115451,34.69057748044324,6232.927435353004,4237.724577380544,529.1447319934167
29200.0,19.1654896480764,0.0060102478330498,33.41328543329895,6274.808389384307,4240.58425937159,532.857624966371
29400.0,19.288903233363264,0.0006170679264343,32.074686568718896,6318.440402226079,4243.322076900441,536.703064254515
29600.0,19.412367754942967,0.0006173226078985,30.712114696452712,6362.687340147103,4245.942444123733,540.5731913533457
29800.0,19.42101391753434,4.3230812956860377e-05,29.340256466659376,6407.104819097503,4248.449654153947,544.4565295205933
30000.0,19.052087995198264,-0.0018446296116803,28.01141338385884,6450.099201647127,4250.847880524015,548.3038397118665
30200.0,18.25039131741748,-0.0040084833889039,26.790330348612866,6489.696586577622,4253.141178727745,552.0340876431281
30400.0,21.92169313968195,0.0183565091113223,25.12115291280749,6542.882266344285,4255.333487830554,556.0512960888381
30600.0,1.4813139185413688,-0.1022018961057029,25.147444398621605,6544.174205767195,4257.428632145085,558.3915967946604
30600.0,2.8821566929043185,,100.0,,,558.3915967946604
30800.0,21.072282200564104,0.0909506275382989,101.10986341288832,33.0560642423345,66.96239150607296,560.7870406840073
31000.0,17.768047321897562,-0.0165211743933327,101.97225877170072,73.46146589306902,133.7139713685265,564.6710736362534
31200.0,19.001857614342413,0.0061690514622242,102.7862322670799,115.11835150341072,200.23774726270145,568.3480641298773
31400.0,19.187716839913243,0.0009292961278541,103.52616598280446,158.79042105850922,266.51479183318537,572.1670215753029
31600.0,19.352060953754226,0.0008217205692049,104.22987916920354,203.30358570089788,332.5263943200657,576.0209993546697
31800.0,21.15063137780045,0.0089928521202311,104.67871794760366,255.3192430753792,398.2540763746708,580.0712685878251
32000.0,19.13847729080742,-0.0100607704349651,105.31839972021112,301.20249608379004,463.6796075362391,584.100179454686
32200.0,19.113193190044925,-0.0001264205038124,106.02450272837582,344.7364619960935,528.7850203479745,587.9253465027712
32400.0,0.0,0.0,123.33989723885728,0.0,528.9853022952079,587.9253465027712
32600.0,0.0,0.0,123.34684953019107,0.0,529.197694795455,587.9253465027712
32800.0,0.0,0.0,123.3542200180378,0.0,529.422863199173,587.9253465027712
33000.0,0.0,0.0,123.36203153545442,0.0,529.6615050562509,587.9253465027712
33200.0,0.0,0.0,123.37030801175457,0.0,529.9143514072204,587.9253465027712
33400.0,0.0,0.0,123.37907451596107,0.0,530.1821681107284,587.9253465027712
33600.0,0.0,0.0,123.38835730144962,0.0,530.465757207404,587.9253465027712
33800.0,0.0,0.0,123.39818385178644,0.0,530.7659583201943,587.9253465027712
34000.0,0.0,0.0,123.4085829277598,0.0,531.0836500911803,587.9253465027712
34200.0,19.769757382278996,0.0032828209611703,106.6365500589554,390.8060207905946,593.5526250916816,591.8136415600036
34400.0,19.53555354301295,-0.0011710191963302,107.24271374817393,436.7001191142354,657.9650241209486,595.7441726525327
34600.0,19.634039071333195,0.0004924276416012,107.83266252401552,482.7172856649769,722.005125773651,599.6611319139673
34800.0,21.22885323488262,0.0079740708177471,108.19053769169597,535.435231364103,785.6561578454142,603.747421144589
35000.0,19.67781327116161,-0.007755199818605,108.68324093935028,583.6286699093826,848.9016806065326,607.8380877951934
35200.0,20.287120910272744,0.0030465381955556,109.14139167728464,632.4560836047267,911.725599345772,611.8345812133368
35400.0,19.6360284297342,-0.0032554624026927,109.64834927530654,679.3551060648035,974.1121764254184,615.8268961473375
35600.0,19.259314559730665,-0.0018835693500176,110.18558887829656,724.8763026009387,1036.0460428328995,619.716430446284
35800.0,19.971470280934117,0.0035607786060172,110.62891757887571,772.7987771806555,1097.512209215309,623.6395089303504
36000.0,20.347963406071948,0.0018824656256891,110.97721858400308,823.1420486428729,1158.496076384167,627.671452299051
36200.0,20.31005946329942,-0.0001895197138626,111.29887112967111,873.8029322673348,1218.9834452787877,631.7372545859882
36400.0,19.70201417701892,-0.0030402264314025,111.68795608532068,921.8934679711276,1278.960526377674,635.73846195002
36600.0,19.955342487469917,0.0012666415522549,112.05007056695727,970.2842927278808,1338.4139485484257,639.704197616469
36800.0,19.55937552184253,-0.0019798348281369,112.4372565360214,1017.3725801522588,1397.3307673277127,643.6556694174002
37000.0,19.61408877099518,0.0002735662457632,112.81450864204643,1064.2152336094434,1455.6984726239623,647.5730158466839
37200.0,19.93644333250956,0.0016117728075718,113.12871283253747,1112.4228188024629,1513.5049958364823,651.5280690570344
37400.0,20.21629174933956,0.0013992420841499,113.37362504989308,1162.1744711116155,1570.73871638585,655.5433425652193
37600.0,19.83624317071985,-0.0019002428930985,113.639489842786,1210.7020529543624,1627.388467651475,659.5485960572253
37800.0,18.427890584562267,-0.0070417629307879,114.08283854715216,1253.2128246978502,1683.4435423133486,663.3750094327535
38000.0,21.38211407700925,0.0147711174622349,114.17356863621224,1305.8911752597887,1738.8936970960729,667.3560098989107
38200.0,19.158277386341627,-0.0111191834533381,114.42548419163164,1353.0306148599907,1793.7291569143365,671.4100490452457
38400.0,21.16438470350465,0.0100305365858151,114.4741435211896,1405.755533847745,1847.9406184200875,675.4423152542304
38600.0,18.164223902299423,-0.0150008040060261,114.82347103928188,1448.6622127026403,1901.519252952702,679.3751761148108
38800.0,19.75594449617238,0.0079586029693647,114.89653279568071,1499.367631986449,1954.4567088944943,683.1671929546579
39000.0,19.430183808870677,-0.0016288034365085,114.92489677533936,1550.789516948328,2006.745113434945,687.0858057851622
39200.0,19.26578091852337,-0.0008220144517365,114.96737844179964,1601.1236623510435,2058.377073748023,690.9554022579016
39400.0,20.398791228825168,0.0056650515515089,114.841413301552,1655.940501225566,2109.34567758798,694.9218594726365
39600.0,19.687463773312817,-0.0035566372775617,114.7418815033571,1709.2800133823837,2159.6444933099438,698.9304849728503
39800.0,19.587405072012857,-0.0005002935064998,114.6646546873281,1761.262368624717,2209.2675693225906,702.8579718573828
40000.0,19.39201539992728,-0.0009769483604278,114.59569387884947,1812.3109849822315,2258.209432981083,706.7559139045768
40200.0,18.8033973376288,-0.0029430903114924,114.58998265267002,1860.7411188902704,2306.465088929339,710.5754551783325
40400.0,20.106841724678898,0.0065172219352504,114.41309259740235,1913.710038050919,2354.030016901561,714.4664790845633
40600.0,19.744913195712687,-0.001809642644831,114.20614070932083,1966.902570324019,2400.900168993771,718.4516545766024
40800.0,20.18980754873897,0.0022244717651314,113.93070590641815,2021.4889009758087,2447.071966416884,722.4451266510475
41000.0,19.70432319815475,-0.002427421752921,113.67991246678838,2074.6209698832163,2492.542295743601,726.434539725737
41200.0,19.925938633985247,0.0011080771791524,113.39676595507888,2128.037304734473,2537.308504662133,730.3975659089509
41400.0,21.044336051678705,0.0055919870884672,112.92252155796264,2186.58536365467,2581.368397250429,734.4945933775173
41600.0,19.748982690508274,-0.0064767668058521,112.55847855277614,2241.0587089979263,2624.7202287852374,738.573925251736
41800.0,20.867620660984183,0.0055931898523795,112.36200017726114,2289.7035946855904,2667.362700100918,742.6355855868853
42000.0,18.94793744992559,-0.0095984160552929,112.35461009311264,2331.861613168901,2709.294951513492,746.6171413979763
42200.0,19.77097823476836,0.0041152039242138,112.28589751241093,2375.1823873217795,2750.516556325933,750.4890329664456
42400.0,19.166218286726743,-0.003023799740208,112.24184123590749,2417.0392641742146,2791.0275139311884,754.3827526185952
42600.0,19.15171644947424,-7.25091862625149e-05,112.19683540998489,2458.214920754799,2830.828242529837,758.2145460922153
42800.0,19.493177487578876,0.0017073051905231,112.08638954103016,2500.6803710012464,2869.919571479718,762.0790354859206
43000.0,19.833089218213512,0.0016995586531731,111.89731247794262,2544.839837094026,2908.3027332951733,766.0116621564998
43200.0,19.801593096742295,-0.000157480607356,111.67686609863983,2589.251096000457,2945.9793553139048,769.9751303879954
43400.0,19.678539937756607,-0.0006152657949284,111.45045273185958,2633.1401200913574,2982.951451049668,773.9231436914453
43600.0,18.957474302315948,-0.0036053281772032,111.29689234027045,2674.101350254024,3019.2214112492857,777.7867451154525
43800.0,19.999872835948604,0.0052119926681632,111.01365503292732,2718.3248334166906,3054.7919946726206,781.682479829279
44000.0,19.150996628764663,-0.0042443810359196,110.7791768798154,2760.3624649359454,3089.666318614306,785.5975667757504
44200.0,20.184881988601354,0.0051694267991834,110.4195053482993,2805.5319607955767,3123.84784918612,789.5311546374869
44400.0,18.543423419498662,-0.0082072928455134,110.20985352596884,2845.429366160606,3157.340391378955,793.4039851782969
44600.0,19.703903851912795,0.0058024021620706,109.88838217234988,2888.0580035580515,3190.148078923341,797.2287179054381
44800.0,19.69453716478404,-4.683343564378717e-05,109.50482408787408,2931.902988082932,3222.2753639674847,801.1685620071078
45000.0,19.3092691725819,-0.0019263399610106,109.12682492098114,2974.902505255722,3253.7270065916964,805.0689426408444
45200.0,20.73960003763468,0.0071516543252638,108.55418107948348,3023.177832199773,3284.5080641779928,809.073829561866
45400.0,18.405565366803664,-0.011670173354155,108.21110855325738,3063.774514351531,3314.6238806535434,812.9883461023098
45600.0,20.466896450763024,0.0103066554197967,107.66601718475368,3109.883250632205,3344.0800756264307,816.8755922840664
45800.0,19.798818662403598,-0.0033403889417971,107.10955297744638,3155.6856899710288,3372.882533432016,820.9021637953831
46000.0,20.513270098957907,0.0035722571827715,106.46205896303736,3203.621490787155,3401.0373921079463,824.9333726715194
46200.0,19.37256241908123,-0.0057035383993833,105.91780322840644,3247.7621436877625,3428.5510323155795,828.9219559233233
46400.0,19.988170906983434,0.003078042439511,105.31434850916644,3293.0767192702715,3455.4300662253063,832.8580292559298
46600.0,19.777974969883,-0.0010509796855021,104.69498113433872,3338.249652728855,3481.6813263829035,836.8346438436164
46800.0,19.18877955401772,-0.0029459770793264,104.13883915231712,3380.8703184704304,3507.3118545737184,840.7313192960064
47000.0,18.803321457212707,-0.001927290484025,103.63073087808996,3421.4100623754307,3532.3288907010788,844.5305293971294
47200.0,20.211165787944456,0.0070392216536587,102.93870791316508,3466.96233494774,3556.7398616949336,848.4319781216452
47400.0,19.44700529961161,-0.0038208024416642,102.27453295183204,3511.0653887878143,3580.552370466283,852.3977952304008
47600.0,19.365327105539382,-0.0004083909703611,101.62871308811532,3554.017000080588,3603.7741849225113,856.2790284709158
47800.0,19.27564668443228,-0.0004484021055355,100.9780091373091,3596.5350479134727,3626.413227058266,860.1431258499131
48000.0,19.99379058382565,0.0035907194969668,100.21981513032084,3641.762209904716,3648.477562136018,864.0700695767389
48200.0,19.60286347248776,-0.0019546355566894,99.32108652017456,3690.716194778627,3669.97538796996,868.0297349823702
48400.0,18.44647836456172,-0.0057819255396302,98.56902380825665,3734.631346984089,3690.91502432633,871.8346691660752
48600.0,19.41865589000405,0.0048608876272116,97.71854115329114,3781.003470219725,3711.3049024527695,875.6211825915318
48800.0,18.711048592392068,-0.0035380364880599,96.9040293123358,3825.735459256847,3731.1535547487065,879.4341530397714
49000.0,19.229286716423758,0.0025911906201584,96.03251815591308,3871.676174925115,3750.4696045882592,883.228186570653
49200.0,19.23825015585926,4.481719717752242e-05,95.12305952759836,3918.252287738408,3769.261756306537,887.0749402578813
49400.0,18.59777904337531,-0.0032023555624197,94.277948426825,3962.347460920167,3787.5387853596712,890.8585431778047
49600.0,20.12371915072561,0.0076297005367514,93.24427687535604,4011.696870126172,3805.3095286682983,894.7306929972149
49800.0,19.467482271958943,-0.0032811843938333,92.2201573780799,4060.257067253326,3822.582875153667,898.6898131394832
50000.0,20.89877663671984,0.0071564718238044,91.0123042805848,4113.941860703039,3839.3677564749046,902.7264390303512
50200.0,19.22739214703796,-0.0083569224484094,89.95783641835096,4162.461235394814,3855.673137975437,906.739055908727
50400.0,21.70945773715047,0.0124103279505625,88.6151503460694,4219.315166773505,3871.508009845925,910.832740897146
50600.0,18.57845533807655,-0.0156550119953695,87.58553240099423,4266.143363660144,3886.8813785105176,914.8615322046684
50800.0,19.3603340069222,0.0039093933442282,86.55845778124123,4312.441373025697,3901.802258242617,918.6554111391685
51000.0,19.087228283877085,-0.0013655286152255,85.52225251802702,4358.574848590057,3916.279663015782,922.5001673682482
51200.0,20.80313636269009,0.008579540394065,84.25448202148598,4411.348172838422,3930.322598594819,926.489203832905
51400.0,17.753852010422452,-0.0152464217613381,83.45594640646871,4449.360892153904,3943.940054871523,930.3449026702162
51600.0,19.19503525621662,0.0072059162289708,82.5664134402359,4489.737067849786,3957.140998448993,934.03979139688
51800.0,19.58250568935049,0.0019373521656693,81.56642916611202,4533.079954453147,3969.9343654778695,937.9175454914368
52000.0,17.88168984030155,-0.0085040792452447,80.74976333896367,4570.423784741969,3982.329054747309,941.663965044402
52200.0,20.501948574290623,0.0131012936699453,79.65441722944212,4615.891474673532,3994.3339210329887,945.5023288858612
52400.0,19.78972887451915,-0.0035610984988573,78.54164220980017,4661.510599194481,4005.957768703877,949.531496630742
52600.0,18.321676367287928,-0.0073402625361561,77.62817705425398,4700.668536581581,4017.20934558904,953.3426371549228
52800.0,20.44242305023353,0.0106037334147279,76.48749613996715,4746.404330029238,4028.097337105234,957.219047096675
53000.0,18.02791440261412,-0.012072543238097,75.5657453551491,4785.096840045736,4038.630360645541,961.0660808419598
53200.0,20.12861162815241,0.0105034861276914,74.4529893746442,4829.278134833497,4048.8169602288767,964.8817334450364
53400.0,18.1621210527104,-0.00983245287721,73.50232318171673,4868.169628208266,4058.665601409712,968.7108067131228
53600.0,19.568044521486254,0.0070296173438792,72.43304396883406,4910.355173199047,4068.184666446927,972.4838232705424
53800.0,19.116919150393134,-0.0022556268554656,71.36121953122357,4952.297193051422,4077.382449730302,976.3523196377304
54000.0,19.19822382304513,0.0004065233632599,70.28437895781957,4994.079376301359,4086.2671534627466,980.1838339350744
54200.0,19.867525777364484,0.0033465097715967,69.1098972149316,5038.539523679809,4094.846883595969,984.0904088951152
54400.0,19.37356380189191,-0.0024698098773628,67.96512613066085,5081.795042725262,4103.129646016951,988.0145178530408
54600.0,0.0,0.0,202.99602567549564,0.0,4125.193981094703,988.0145178530408
54800.0,0.0,0.0,203.73707451790986,0.0,4147.833023230458,988.0145178530408
55000.0,0.0,0.0,204.49719937736091,0.0,4171.054837686686,988.0145178530408
55200.0,0.0,0.0,205.27665956627578,0.0,4194.867346458036,988.0145178530408
55400.0,0.0,0.0,206.07570935330867,0.0,4219.278317451891,988.0145178530408
55600.0,0.0,0.0,206.89459760625007,0.0,4244.295353579251,988.0145178530408
55800.0,0.0,0.0,207.7335674324633,0.0,4269.925881770066,988.0145178530408
56000.0,0.0,0.0,208.59285581732738,0.0,4296.177141927663,988.0145178530408
56200.0,0.0,0.0,209.47269326118095,0.0,4323.05617583739,988.0145178530408
56400.0,19.306529688539296,-0.000335170566763,66.72361300991693,5127.716965529241,4111.123342982203,991.882527202084
56600.0,18.5588704636089,-0.0037382961246519,65.57014836666205,5170.667737194966,4118.835769796492,995.6690672172988
56800.0,20.375665052078283,0.0090839729423469,64.20246759265378,5219.889226776796,4126.274611732369,999.5625207688676
57000.0,18.889207631755877,-0.007432287101612,62.950670116738166,5265.304469120225,4133.447441186576,1003.489008037251
57200.0,20.46610842678125,0.0078845039751268,61.54032992382028,5315.304635896393,4140.361715069103,1007.4245396431048
57400.0,19.2321136205331,-0.0061699740312407,60.22345847837588,5362.198115906042,4147.0247724204255,1011.394361847836
57600.0,19.14963366535043,-0.0004123997759133,58.95581533989664,5407.343673618365,4153.443832252207,1015.2325365764244
57800.0,19.56228529376183,0.0020632581420569,57.63040146602577,5454.017226819439,4159.625991606526,1019.1037284723358
58000.0,18.13954546934901,-0.007113699122064,56.462422417516585,5495.651218973363,4165.578223828495,1022.8739115486468
58200.0,18.935732148222066,0.0039809333943652,55.23846592117303,5538.772243155104,4171.30737704694,1026.581439310404
58400.0,19.230562805594563,0.0014741532868624,53.94179607650892,5583.898302720316,4176.820172857663,1030.3980688057857
58600.0,18.15665909354506,-0.0053695185602475,52.76169478781298,5625.253429435931,4182.1232052036175,1034.1367909956996
58800.0,20.030308558783165,0.0093682473261905,51.37854184704639,5672.608486018985,4187.222939446252,1037.9554877609323
59000.0,19.15057811486193,-0.0043986522196061,50.03134745403513,5718.66804690134,4192.125711622113,1041.873576428297
59200.0,17.80038131930365,-0.0067509839777913,48.87765843676775,5758.62526263546,4196.837727878715,1045.5686723717135
59400.0,18.883555077278068,0.005415868789872,47.6326448018215,5801.187765387965,4201.365064083611,1049.2370660113716
59600.0,18.912263029750772,0.0001435397623635,46.33993464525371,5845.028662188015,4205.713665600516,1053.0166478220744
59800.0,19.920269818214827,0.0050400339423202,44.97688867918773,5890.845398077097,4209.889347226283,1056.899901106871
60000.0,19.532077528447267,-0.0019409614488377,43.62113871394602,5936.272005571449,4213.8977932825,1060.8451358415373
60200.0,19.599078259801065,0.0003350036567689,42.26579501532087,5981.524520137402,4217.744557855454,1064.758251420362
60400.0,18.230603302572284,-0.0068423747861439,41.07512713806202,6021.589931110387,4221.4350651781815,1068.5412195765994
60600.0,19.87508944650819,0.0082224307196795,39.72234461129908,6066.45698227316,4224.974610148347,1072.3517888515075
60800.0,18.215845591405,-0.0082962192755159,38.514745711920455,6106.742877476529,4228.368358975699,1076.1608823552988
61000.0,19.61953964367973,0.0070184702613736,37.18533667598191,6150.609314501628,4231.621349952875,1079.9444208788073
61200.0,19.168049683775465,-0.0022574497995213,35.858302126232424,6194.267364386969,4234.73849434337,1083.8231798115528
61400.0,17.963440081466427,-0.0060230480115451,34.69057748044324,6232.927435353004,4237.724577380544,1087.536328788077
61600.0,19.1654896480764,0.0060102478330498,33.41328543329895,6274.808389384307,4240.58425937159,1091.249221761031
61800.0,19.288903233363264,0.0006170679264343,32.074686568718896,6318.440402226079,4243.322076900441,1095.094661049175
62000.0,19.412367754942967,0.0006173226078985,30.712114696452712,6362.687340147103,4245.942444123733,1098.964788148006
62200.0,19.42101391753434,4.3230812956860377e-05,29.340256466659376,6407.104819097503,4248.449654153947,1102.8481263152537
62400.0,19.052087995198264,-0.0018446296116803,28.01141338385884,6450.099201647127,4250.847880524015,1106.695436506527
62600.0,18.25039131741748,-0.0040084833889039,26.790330348612866,6489.696586577622,4253.141178727745,1110.4256844377885
62800.0,21.92169313968195,0.0183565091113223,25.12115291280749,6542.882266344285,4255.333487830554,1114.4428928834984
63000.0,1.4813139185413688,-0.1022018961057029,25.147444398621605,6544.174205767195,4257.428632145085,1116.7831935893207
63000.0,2.06877703282312,,100.0,,,1116.7831935893207
63200.0,21.41908876360437,0.0967515586539062,101.10705870587232,33.14174804167311,66.96239150607296,1119.1319801689635
63400.0,21.365080086159814,-0.0002700433872227,101.46744306156376,88.88358583775324,133.7139713685265,1123.41039705394
63600.0,22.096928665198455,0.0036592428951932,101.71380854721971,147.88089614513893,200.23774726270145,1127.7565979290755
63800.0,21.31307473205539,-0.0039192696657153,102.0350577496554,204.3437775812132,266.51479183318537,1132.097598268801
64000.0,21.58975502575655,0.0013834014685057,102.34298435610332,260.9482222411092,332.5263943200657,1136.3878812445823
64200.0,21.587195360913693,-1.27983242142804e-05,102.62907797586074,317.93574421212537,398.2540763746708,1140.7055762832492
64400.0,21.19541692659205,-0.0019588921716082,102.96328772073709,373.1511676677214,463.6796075362391,1144.9838375119998
64600.0,21.89622953300257,0.0035040630320526,103.2015240007906,430.9784621238215,528.7850203479745,1149.293002157959
64800.0,21.98060814960614,0.0004218930830178,103.38225817345769,490.22463789254937,593.5526250916816,1153.68068592622
65000.0,20.58761009243332,-0.0069649902858641,103.7541830478954,543.2747320077439,657.9650241209486,1157.9375077504242
65200.0,22.45211535318486,0.0093225263037577,103.90345145785788,602.754683736093,722.005125773651,1162.241480294986
65400.0,21.58823120932405,-0.004319420719304,104.08050317280583,660.9967859161954,785.6561578454142,1166.645514951237
65600.0,21.851495214788645,0.0013163200273229,104.24584468123606,719.1911255947709,848.9016806065326,1170.9894875936482
65800.0,21.830847951037786,-0.0001032363187542,104.38787279186892,777.6760855541771,911.725599345772,1175.3577219102308
66000.0,21.45851810820273,-0.0018616492141752,104.54075266036388,835.3921826513014,974.1121764254184,1179.686658516155
66200.0,21.915106781190065,0.0022829433649366,104.6279939007891,894.660829163793,1036.0460428328995,1184.024021005094
66400.0,20.902429688561583,-0.0050633854631424,104.82927607113233,949.9778252422168,1097.512209215309,1188.3057746520692
66600.0,21.41488100641629,0.0025622565892735,104.98611815284632,1006.1701668147122,1158.496076384167,1192.537505721567
66800.0,20.864294855730392,-0.0027529307534295,105.1834971146579,1060.627608425989,1218.9834452787877,1196.7654233077817
67000.0,21.499042852025845,0.0031737399814772,105.29683161737884,1117.1423204667506,1278.960526377674,1201.0017570785574
67200.0,20.70746832538333,-0.0039578726332125,105.47926323035972,1171.0224568609362,1338.4139485484257,1205.2224081962984
67400.0,21.970899842416785,0.0063171575851672,105.49561703766092,1229.4396668271718,1397.3307673277127,1209.4902450130785
67600.0,0.0,0.0,151.27178485204226,0.0,1398.4619267293504,1209.4902450130785
67800.0,0.0,0.0,151.31067850612928,0.0,1399.650127861708,1209.4902450130785
68000.0,0.0,0.0,151.35152133353606,0.0,1400.897876238985,1209.4902450130785
68200.0,0.0,0.0,151.39439827026376,0.0,1402.2077666560162,1209.4902450130785
68400.0,0.0,0.0,151.43939724314023,0.0,1403.5824852773926,1209.4902450130785
68600.0,0.0,0.0,151.4866092379658,0.0,1405.024811719314,1209.4902450130785
68800.0,0.0,0.0,151.53612836730562,0.0,1406.5376211206453,1209.4902450130785
69000.0,0.0,0.0,151.58805193780782,0.0,1408.1238861994882,1209.4902450130785
69200.0,0.0,0.0,151.64248051692203,0.0,1409.7866792914274,1209.4902450130785
69400.0,20.90508588855284,-0.0053290697693197,105.59254453099314,1284.8462372021222,1455.6984726239623,1213.777843586175
69600.0,21.82354185671004,0.004592279840786,105.58503236127154,1342.882257199637,1513.5049958364823,1218.0507063607015
69800.0,21.41134890291844,-0.0020609647689579,105.5766463639882,1400.3721699660105,1570.73871638585,1222.3741954366644
70000.0,21.27566465740022,-0.0006784212275911,105.58853744333548,1456.6586487575764,1627.388467651475,1226.6428967926963
70200.0,21.05751783401153,-0.0010907341169434,105.61907666146595,1511.7807503055635,1683.4435423133486,1230.8762150418374
70400.0,20.66146562100199,-0.0019802610650477,105.69645823748448,1564.8668979409215,1738.8936970960729,1235.0481133873388
70600.0,20.18640959730797,-0.00237528011847,105.83713581941184,1615.404657631305,1793.7291569143365,1239.1329009091698
70800.0,22.03170814605269,0.0092264927437235,105.53597714319008,1678.8165166956312,1847.9406184200875,1243.3547126835058
71000.0,20.085869346375453,-0.0097291939983861,105.413039499973,1736.1508962285272,1901.519252952702,1247.5664704327487
71200.0,22.27449651684361,0.0109431358523407,105.03849977353649,1800.5305408129552,1954.4567088944943,1251.8025070190706
71400.0,19.5698013843998,-0.013523475662219,104.9371697339208,1855.9145780636647,2006.745113434945,1255.986936809195
71600.0,21.355617465559536,0.0089290804057987,104.68281399349736,1915.3171062466795,2058.377073748023,1260.0794786941908
71800.0,20.00594237283413,-0.006748375463627,104.51742367757402,1971.3383842380936,2109.34567758798,1264.2156346780305
72000.0,21.21214457713812,0.0060310110215199,104.21914496138918,2030.749614739504,2159.6444933099438,1268.337443373027
72200.0,19.653197536776418,-0.0077947352018085,104.066416289204,2085.0385516874085,2209.2675693225906,1272.423977584419
72400.0,19.05838840443195,-0.0029740456617223,104.03917651519424,2134.812590441899,2258.209432981083,1276.2951361785397
72600.0,18.00362146156591,-0.0052738347143301,104.1480603935485,2179.741843906432,2306.465088929339,1280.0013371651394
72800.0,18.54094476458513,0.0026866165150961,104.2069049489132,2225.509070712263,2354.030016901561,1283.6557937877546
73000.0,17.02549441645692,-0.007577251740641,104.4070129273086,2266.265924064493,2400.900168993771,1287.2124377058587
73200.0,17.91636105809408,0.0044543332081858,104.5314406828972,2308.6364535543744,2447.071966416884,1290.706623253314
73400.0,17.63539712365106,-0.001404819672215,104.63495886859928,2350.944302307893,2492.542295743601,1294.2617990714884
73600.0,18.374197519058864,0.003694001977039,104.63648389826048,2395.663921570276,2537.308504662133,1297.8627585357594
73800.0,19.0709547936731,0.0034837863730711,104.76699789819584,2435.736611460546,2581.368397250429,1301.607273767033
74000.0,17.780576274192885,-0.006451892597401,105.00596024858382,2471.788143191002,2624.7202287852374,1305.2924268738193
74200.0,18.28434674965472,0.0025188523773091,105.20137370315902,2508.46073346941,2667.362700100918,1308.898919176204
74400.0,18.31171284167553,0.000136830460104,105.35531660059412,2545.6900293653416,2709.294951513492,1312.558525135337
74600.0,18.104510429723167,-0.0010360120597617,105.50923991265346,2582.2092769943697,2750.516556325933,1316.200147462477
74800.0,19.05382719024516,0.0047465838026099,105.53440736766667,2621.9513688489715,2791.0275139311884,1319.9159812244736
75000.0,17.72082852712136,-0.006664993315619,105.66455706599518,2657.7760241636843,2830.828242529837,1323.5934467962104
75200.0,18.77647438268574,0.0052782292778219,105.68837754389732,2696.139637513655,2869.919571479718,1327.243177087191
75400.0,17.913341495219942,-0.0043156644373289,105.7578735695372,2732.399695745812,2908.3027332951733,1330.9121586749816
75600.0,18.61735386586543,0.0035200618532274,105.7480876086215,2770.3752788705183,2945.9793553139048,1334.56522821109
75800.0,17.55208033658574,-0.0053263676463984,105.81740225777897,2805.229812074521,2982.951451049668,1338.1821716313352
76000.0,18.911084269103323,0.0067950196625879,105.73832935866022,2843.915449342216,3019.2214112492857,1341.828488091904
76200.0,17.785075981804944,-0.0056300414364918,105.72670233881936,2879.8412382216898,3054.7919946726206,1345.498104116995
76400.0,18.415752472338944,0.00315338245267,105.65255674420122,2916.980710078959,3089.666318614306,1349.1181869624093
76600.0,18.089573131135428,-0.0016308967060175,105.57469409602324,2953.54094455261,3123.84784918612,1352.7687195227568
76800.0,19.38478087381017,0.0064760387133737,105.3305497420646,2994.492096758881,3157.340391378955,1356.5161549232514
77000.0,17.99429484795002,-0.0069524301293007,105.19003613522985,3031.592474992069,3190.148078923341,1360.2540624954274
77200.0,18.61872630820766,0.0031221573012881,104.9753575175799,3070.278191805419,3222.2753639674847,1363.915364611043
77400.0,17.961398533033478,-0.0032866388758709,104.79644043527708,3107.195751293981,3253.7270065916964,1367.5733770951672
77600.0,17.990606100917137,0.0001460378394182,104.61168407675092,3143.6211156332515,3284.5080641779928,1371.1685775585622
77800.0,18.515468685598314,0.0026243129234058,104.34343091742222,3181.9320661262946,3314.6238806535434,1374.819185037214
78000.0,18.153874389162567,-0.0018079714821787,104.07984542309754,3219.440797950801,3344.0800756264307,1378.48611934469
78200.0,17.032595749289868,-0.0056063931993634,103.93234067906378,3252.7495256866173,3372.882533432016,1382.004766358535
78400.0,16.817138068906765,-0.0010772884019155,103.81592004313268,3284.4610347902426,3401.0373921079463,1385.3897397403548
78600.0,18.239179337363563,0.0071102063422839,103.52969323834677,3320.7189038840866,3428.5510323155795,1388.8953714809818
78800.0,17.699187411978084,-0.0026999596269273,103.2423715824834,3356.375614380438,3455.4300662253063,1392.489208155916
79000.0,17.61909858808232,-0.0004004441194788,102.9588709616315,3391.287818505061,3481.6813263829035,1396.021036755922
79200.0,18.82763764181565,0.0060426952686666,102.51874629216788,3430.3641553479893,3507.3118545737184,1399.665710378912
79400.0,18.505147047847604,-0.0016124529698402,102.05852779202291,3469.4408666547783,3532.3288907010788,1403.3989888478782
79600.0,18.482699925717903,-0.0001122356106484,101.59133084900388,3508.124704257865,3556.7398616949336,1407.0977735452348
79800.0,18.010510332519104,-0.002360947965994,101.16071399738084,3545.092557846298,3580.552370466283,1410.7470945710584
80000.0,19.21793986791233,0.0060371476769661,100.58230531618868,3585.9847575129475,3603.7741849225113,1414.4699395911016
80200.0,17.40870964239349,-0.0090461511275942,100.16139033965749,3621.4827521817297,3626.413227058266,1418.1326045421322
80400.0,18.731896276820866,0.0066159331721368,99.6224077294374,3660.0130060017054,3648.477562136018,1421.7466651340535
80600.0,17.840327411087976,-0.0044578443286644,98.99314001856386,3700.7349604028336,3669.97538796996,1425.4038875028446
80800.0,19.12328216693126,0.0064147737792164,98.22041814013528,3745.2812501451976,3690.91502432633,1429.1002484606463
81000.0,17.523508389084807,-0.0079988688892322,97.57985022656123,3785.240478031324,3711.3049024527695,1432.764927516248
81200.0,18.932453883072128,0.0070447274699366,96.80633563778646,3828.72000101433,3731.1535547487065,1436.4105237434635
81400.0,17.799211404146554,-0.0056662123946278,96.10391089990296,3869.495126596224,3750.4696045882592,1440.0836902721855
81600.0,17.830963554373636,0.0001587607511354,95.4178522297428,3909.2463706878943,3769.261756306537,1443.6467077680377
81800.0,18.50690480806684,0.003379706268466,94.63366535497704,3951.480308765124,3787.5387853596712,1447.2804946042816
82000.0,17.494762906104157,-0.0050607095098134,93.93065418800042,3990.728043224886,3805.3095286682983,1450.8806613756988
82200.0,17.63666637184574,0.0007095173287079,93.22715375437686,4029.493327957454,3822.582875153667,1454.3938043034937
82400.0,18.30853834039217,0.0033593598427321,92.42452565513328,4070.798497710583,3839.3677564749046,1457.9883247747175
82600.0,18.25309785796661,-0.0002772024121278,91.58996699964584,4112.599646136256,3855.673137975437,1461.6444883945535
82800.0,19.038891151460188,0.0039289664674678,90.645530270604,4157.287060078972,3871.508009845925,1465.3736872954962
83000.0,17.585222557914427,-0.0072683429677288,89.83615056289841,4197.386978813971,3886.8813785105176,1469.0360986664336
83200.0,18.212279257243857,0.0031352834966471,88.98565032135902,4238.290640925099,3901.802258242617,1472.6158488479496
83400.0,18.309649167724444,0.0004868495524029,88.08773139400951,4280.199468928791,3916.279663015782,1476.2680416904464
83600.0,17.52614871440372,-0.0039175022666036,87.26533570934427,4319.366592674352,3930.322598594819,1479.8516214786591
83800.0,17.49272643115986,-0.0001671114162193,86.4576492741678,4357.658869545697,3943.940054871523,1483.3535089932154
84000.0,17.497989458899166,2.6315138696535456e-05,85.77146766655659,4391.822661235689,3957.140998448993,1486.8525805822214
84200.0,17.17694178501248,-0.0016052383694334,85.10690037246422,4424.918559099087,3969.9343654778695,1490.320073706613
84400.0,18.43728697508015,0.0063017259503383,84.29799435974066,4462.025327057232,3982.329054747309,1493.8814965826218
84600.0,0.0,0.0,215.49143406311623,0.0,4007.9595829381233,1493.8814965826218
84800.0,0.0,0.0,216.35072244798027,0.0,4034.210843095721,1493.8814965826218
85000.0,0.0,0.0,217.23055989183388,0.0,4061.0898770054478,1493.8814965826218
85200.0,0.0,0.0,218.1311700459299,0.0,4088.603517213081,1493.8814965826218
85400.0,0.0,0.0,219.0527693479243,0.0,4116.758375889011,1493.8814965826218
85600.0,0.0,0.0,219.99556665743611,0.0,4145.560833694596,1493.8814965826218
85800.0,0.0,0.0,220.95976289222787,0.0,4175.017028667484,1493.8814965826218
86000.0,0.0,0.0,221.94555066556828,0.0,4205.132845143034,1493.8814965826218
86200.0,0.0,0.0,222.95311392534884,0.0,4235.91390272933,1493.8814965826218
86400.0,17.977030401729557,-0.0023012828667529,83.49163599487494,4498.664441389559,3994.3339210329887,1497.5229283203028
86600.0,18.05023446328419,0.0003660203077731,82.6779704287213,4535.145772106441,4005.957768703877,1501.125654806804
86800.0,18.309474508804986,0.0012962002276039,81.81999384361781,4572.608533666516,4017.20934558904,1504.761625704013
87000.0,17.57492538348425,-0.0036727456266036,81.02676765466246,4607.729585255296,4028.097337105234,1508.350065693242
87200.0,19.54669375361291,0.0098588418506433,80.01334954116483,4649.222532162956,4038.630360645541,1512.0622276069516
87400.0,18.77622110954104,-0.0038523632203593,79.01709186850677,4689.844803645995,4048.8169602288767,1515.894519093267
87600.0,18.745332162928975,-0.0001544447330602,78.03874289676074,4729.582005913671,4058.665601409712,1519.646674420514
87800.0,19.537267896486505,0.0039596786677876,76.95309129440787,4772.267727402767,4068.184666446927,1523.4749344264555
88000.0,18.567343670508023,-0.0048496211298924,75.95048488321386,4812.095136548119,4077.382449730302,1527.2853955831552
88200.0,18.52877682675168,-0.0001928342187817,74.9732442831112,4850.8345406137,4086.2671534627466,1530.995007632881
88400.0,18.585752635174977,0.0002848790421164,73.98044281786086,4889.74435551032,4094.846883595969,1534.7064605790738
88600.0,19.527807108120992,0.00471027236473,72.86105425141919,4932.224438636094,4103.129646016951,1538.5178165534032
88800.0,19.52326825562549,-2.269426247750061e-05,71.69970502351643,4975.697354513776,4111.123342982203,1542.422924089778
89000.0,18.7621434174795,-0.0038056241907299,70.62497426079321,5016.242806129259,4118.835769796492,1546.2514652570885
89200.0,18.669896096891843,-0.0004612366029382,69.46785513225382,5059.031637442015,4126.274611732369,1549.9946692085257
89400.0,18.31228024463589,-0.0017880792612797,68.34894622118428,5100.387134129396,4133.447441186576,1553.6928868426785
89600.0,19.02501012900171,0.0035636494218291,67.14662169545187,5144.032422273048,4140.361715069103,1557.4266158800422
89800.0,17.94778039314287,-0.0053861486792941,66.0432026708257,5184.4049308267,4147.0247724204255,1561.1238949322565
90000.0,19.24131761451285,0.0064676861068499,64.81093819906607,5228.469670270739,4153.443832252207,1564.842804733022
90200.0,18.080612047715157,-0.0058035278339885,63.66852376607659,5269.552590552887,4159.625991606526,1568.574997699245
90400.0,19.07826352864944,0.0049882574046714,62.43639367444327,5313.1463970742525,4165.578223828495,1572.2908852568814
90600.0,16.571541756878368,-0.0125336088588553,61.46123153584867,5348.666753626763,4171.30737704694,1575.8558657854342
90800.0,17.984348961066743,0.0070640360209418,60.39449427883636,5386.768372639212,4176.820172857663,1579.311454857229
91000.0,18.42551317513268,0.0022058210703296,59.223826814589984,5427.835296017894,4182.1232052036175,1582.9524410708486
91200.0,17.705491556078808,-0.0036001080952693,58.11734059071454,5466.738184399923,4187.222939446252,1586.56554154397
91400.0,18.0243086839852,0.0015940856395319,56.99012343505121,5506.077440681299,4192.125711622113,1590.138521567976
91600.0,18.019723135900406,-2.292774042397028e-05,55.846921498436366,5545.714276101484,4196.837727878715,1593.742924749965
91800.0,17.707196714258547,-0.0015626321082092,54.73429118564953,5584.232468362018,4201.365064083611,1597.3156167349807
92000.0,18.72463815608395,0.005087207209127,53.505881288967785,5626.10899222255,4205.713665600516,1600.9588002220148
92200.0,18.034677489884302,-0.0034498033309982,52.32049448423732,5666.4982407328325,4209.889347226283,1604.6347317866116
92400.0,18.338700841101403,0.0015201167560855,51.116140545342326,5707.299699622292,4213.8977932825,1608.2720696197102
92600.0,18.13133879728241,-0.0010368102190949,49.98268802735337,5745.773438619809,4217.744557855454,1611.9190735835489
92800.0,17.934433037793553,-0.0009845287974443,48.873477637074856,5783.350323365545,4221.4350651781815,1615.5256507670565
93000.0,18.591445318351617,0.0032850614027903,47.68849306736408,5823.091146940375,4224.974610148347,1619.1782386026707
93200.0,17.498658198316555,-0.0054639356001753,46.60600719506825,5859.554839166364,4228.368358975699,1622.7872489543377
93400.0,18.58402707666592,0.0054268443917468,45.426548407030246,5898.840296118101,4231.621349952875,1626.395517481836
93600.0,18.473883399957117,-0.000550718383544,44.220701344354765,5938.796068273332,4234.73849434337,1630.101308529498
93800.0,19.089376379259186,0.0030774648965103,42.93936813392167,5980.9268808892375,4237.724577380544,1633.8576345074198
94000.0,18.769744370619836,-0.0015981600431967,41.67229075500176,6022.495776806286,4240.58425937159,1637.6435465824077
94200.0,18.79848869563642,0.0001437216250829,40.40849478039346,6063.842561359421,4243.322076900441,1641.4003698890333
94400.0,17.952463113014996,-0.0042301279131071,39.241632243737946,6102.110579077539,4245.942444123733,1645.0754650698984
94600.0,18.66282249837459,0.0035517969267979,38.01378001897182,6142.128674574358,4248.449654153947,1648.7369936310374
94800.0,18.50687196105132,-0.0007797526866163,36.77786153240926,6182.284210708912,4250.847880524015,1652.45396307698
95000.0,18.75511241358828,0.0012412022626848,35.51362064781276,6223.200067937065,4253.141178727745,1656.180161514444
95200.0,19.899267077154903,0.0057207733178331,34.09423915050815,6268.75448178253,4255.333487830554,1660.0455994635183
95400.0,1.1946886324346393,-0.0935228922236013,34.16281997913438,6268.75448178253,4257.428632145085,1662.1549950344777
95400.0,2.06877703282312,,100.0,,,1662.1549950344777
95600.0,21.41908876360437,0.0967515586539062,101.10705870587232,33.14174804167311,66.96239150607296,1664.5037816141205
95800.0,21.365080086159814,-0.0002700433872227,101.46744306156376,88.88358583775324,133.7139713685265,1668.7821984990967
96000.0,22.096928665198455,0.0036592428951932,101.71380854721971,147.88089614513893,200.23774726270145,1673.1283993742325
96200.0,21.31307473205539,-0.0039192696657153,102.0350577496554,204.3437775812132,266.51479183318537,1677.4693997139575
96400.0,21.58975502575655,0.0013834014685057,102.34298435610332,260.9482222411092,332.5263943200657,1681.759682689739
96600.0,21.587195360913693,-1.27983242142804e-05,102.62907797586074,317.93574421212537,398.2540763746708,1686.077377728406
96800.0,21.19541692659205,-0.0019588921716082,102.96328772073709,373.1511676677214,463.6796075362391,1690.3556389571563
97000.0,21.89622953300257,0.0035040630320526,103.2015240007906,430.9784621238215,528.7850203479745,1694.664803603116
97200.0,21.98060814960614,0.0004218930830178,103.38225817345769,490.22463789254937,593.5526250916816,1699.0524873713769
97400.0,20.58761009243332,-0.0069649902858641,103.7541830478954,543.2747320077439,657.9650241209486,1703.309309195581
97600.0,22.45211535318486,0.0093225263037577,103.90345145785788,602.754683736093,722.005125773651,1707.6132817401426
97800.0,21.58823120932405,-0.004319420719304,104.08050317280583,660.9967859161954,785.6561578454142,1712.0173163963937
98000.0,21.851495214788645,0.0013163200273229,104.24584468123606,719.1911255947709,848.9016806065326,1716.361289038805
98200.0,21.830847951037786,-0.0001032363187542,104.38787279186892,777.6760855541771,911.725599345772,1720.7295233553875
98400.0,21.45851810820273,-0.0018616492141752,104.54075266036388,835.3921826513014,974.1121764254184,1725.0584599613117
98600.0,21.915106781190065,0.0022829433649366,104.6279939007891,894.660829163793,1036.0460428328995,1729.3958224502508
98800.0,20.902429688561583,-0.0050633854631424,104.82927607113233,949.9778252422168,1097.512209215309,1733.677576097226
99000.0,21.41488100641629,0.0025622565892735,104.98611815284632,1006.1701668147122,1158.496076384167,1737.909307166724
99200.0,20.864294855730392,-0.0027529307534295,105.1834971146579,1060.627608425989,1218.9834452787877,1742.1372247529384
99400.0,21.499042852025845,0.0031737399814772,105.29683161737884,1117.1423204667506,1278.960526377674,1746.373558523714
99600.0,20.70746832538333,-0.0039578726332125,105.47926323035972,1171.0224568609362,1338.4139485484257,1750.594209641455
99800.0,21.970899842416785,0.0063171575851672,105.49561703766092,1229.4396668271718,1397.3307673277127,1754.862046458235
100000.0,20.90508588855284,-0.0053290697693197,105.59254453099314,1284.8462372021222,1455.6984726239623,1759.149645031332
100200.0,21.82354185671004,0.004592279840786,105.58503236127154,1342.882257199637,1513.5049958364823,1763.4225078058582
100400.0,21.41134890291844,-0.0020609647689579,105.5766463639882,1400.3721699660105,1570.73871638585,1767.7459968818212
100600.0,0.0,0.0,157.08973308814615,0.0,1573.7247994230252,1767.7459968818212
100800.0,0.0,0.0,157.1917672744144,0.0,1576.84194381352,1767.7459968818212
101000.0,0.0,0.0,157.29824815746434,0.0,1580.0949347906953,1767.7459968818212
101200.0,0.0,0.0,157.40933649878517,0.0,1583.4886836180476,1767.7459968818212
101400.0,0.0,0.0,157.52519721793956,0.0,1587.0282285882133,1767.7459968818212
101600.0,0.0,0.0,157.64599942162945,0.0,1590.7187359109405,1767.7459968818212
101800.0,0.0,0.0,157.77191642892745,0.0,1594.5655004838945,1767.7459968818212
102000.0,0.0,0.0,157.90312579246978,0.0,1598.5739465401118,1767.7459968818212
102200.0,0.0,0.0,158.03980931540812,0.0,1602.7496281658784,1767.7459968818212
102400.0,21.27566465740022,-0.0006784212275911,105.58853744333548,1456.6586487575764,1627.388467651475,1772.014698237853
102600.0,21.05751783401153,-0.0010907341169434,105.61907666146595,1511.7807503055635,1683.4435423133486,1776.2480164869942
102800.0,20.66146562100199,-0.0019802610650477,105.69645823748448,1564.8668979409215,1738.8936970960729,1780.4199148324956
103000.0,20.18640959730797,-0.00237528011847,105.83713581941184,1615.404657631305,1793.7291569143365,1784.5047023543266
103200.0,22.03170814605269,0.0092264927437235,105.53597714319008,1678.8165166956312,1847.9406184200875,1788.7265141286623
103400.0,20.085869346375453,-0.0097291939983861,105.413039499973,1736.1508962285272,1901.519252952702,1792.9382718779054
103600.0,22.27449651684361,0.0109431358523407,105.03849977353649,1800.5305408129552,1954.4567088944943,1797.1743084642274
103800.0,19.5698013843998,-0.013523475662219,104.9371697339208,1855.9145780636647,2006.745113434945,1801.3587382543517
104000.0,21.355617465559536,0.0089290804057987,104.68281399349736,1915.3171062466795,2058.377073748023,1805.4512801393475
104200.0,20.00594237283413,-0.006748375463627,104.51742367757402,1971.3383842380936,2109.34567758798,1809.587436123187
104400.0,21.21214457713812,0.0060310110215199,104.21914496138918,2030.749614739504,2159.6444933099438,1813.709244818184
104600.0,19.653197536776418,-0.0077947352018085,104.066416289204,2085.0385516874085,2209.2675693225906,1817.795779029576
104800.0,19.05838840443195,-0.0029740456617223,104.03917651519424,2134.812590441899,2258.209432981083,1821.6669376236964
105000.0,18.00362146156591,-0.0052738347143301,104.1480603935485,2179.741843906432,2306.465088929339,1825.3731386102963
105200.0,18.54094476458513,0.0026866165150961,104.2069049489132,2225.509070712263,2354.030016901561,1829.0275952329116
105400.0,17.02549441645692,-0.007577251740641,104.4070129273086,2266.265924064493,2400.900168993771,1832.5842391510157
105600.0,17.91636105809408,0.0044543332081858,104.5314406828972,2308.6364535543744,2447.071966416884,1836.0784246984704
105800.0,17.63539712365106,-0.001404819672215,104.63495886859928,2350.944302307893,2492.542295743601,1839.6336005166447
106000.0,18.374197519058864,0.003694001977039,104.63648389826048,2395.663921570276,2537.308504662133,1843.234559980916
106200.0,19.0709547936731,0.0034837863730711,104.76699789819584,2435.736611460546,2581.368397250429,1846.9790752121892
106400.0,17.780576274192885,-0.006451892597401,105.00596024858382,2471.788143191002,2624.7202287852374,1850.664228318976
106600.0,18.28434674965472,0.0025188523773091,105.20137370315902,2508.46073346941,2667.362700100918,1854.2707206213609
106800.0,18.31171284167553,0.000136830460104,105.35531660059412,2545.6900293653416,2709.294951513492,1857.9303265804936
107000.0,18.104510429723167,-0.0010360120597617,105.50923991265346,2582.2092769943697,2750.516556325933,1861.5719489076337
107200.0,19.05382719024516,0.0047465838026099,105.53440736766667,2621.9513688489715,2791.0275139311884,1865.2877826696304
107400.0,17.72082852712136,-0.006664993315619,105.66455706599518,2657.7760241636843,2830.828242529837,1868.9652482413671
107600.0,18.77647438268574,0.0052782292778219,105.68837754389732,2696.139637513655,2869.919571479718,1872.614978532348
107800.0,17.913341495219942,-0.0043156644373289,105.7578735695372,2732.399695745812,2908.3027332951733,1876.2839601201383
108000.0,18.61735386586543,0.0035200618532274,105.7480876086215,2770.3752788705183,2945.9793553139048,1879.937029656247
108200.0,17.55208033658574,-0.0053263676463984,105.81740225777897,2805.229812074521,2982.951451049668,1883.553973076492
108400.0,18.911084269103323,0.0067950196625879,105.73832935866022,2843.915449342216,3019.2214112492857,1887.2002895370608
108600.0,17.785075981804944,-0.0056300414364918,105.72670233881936,2879.8412382216898,3054.7919946726206,1890.869905562152
108800.0,18.415752472338944,0.00315338245267,105.65255674420122,2916.980710078959,3089.666318614306,1894.489988407566
109000.0,18.089573131135428,-0.0016308967060175,105.57469409602324,2953.54094455261,3123.84784918612,1898.1405209679133
109200.0,19.38478087381017,0.0064760387133737,105.3305497420646,2994.492096758881,3157.340391378955,1901.887956368408
109400.0,17.99429484795002,-0.0069524301293007,105.19003613522985,3031.592474992069,3190.148078923341,1905.625863940584
109600.0,18.61872630820766,0.0031221573012881,104.9753575175799,3070.278191805419,3222.2753639674847,1909.2871660562
109800.0,17.961398533033478,-0.0032866388758709,104.79644043527708,3107.195751293981,3253.7270065916964,1912.945178540324
110000.0,17.990606100917137,0.0001460378394182,104.61168407675092,3143.6211156332515,3284.5080641779928,1916.540379003719
110200.0,18.515468685598314,0.0026243129234058,104.34343091742222,3181.9320661262946,3314.6238806535434,1920.1909864823704
110400.0,18.153874389162567,-0.0018079714821787,104.07984542309754,3219.440797950801,3344.0800756264307,1923.8579207898467
110600.0,17.032595749289868,-0.0056063931993634,103.93234067906378,3252.7495256866173,3372.882533432016,1927.376567803692
110800.0,16.817138068906765,-0.0010772884019155,103.81592004313268,3284.4610347902426,3401.0373921079463,1930.7615411855115
111000.0,18.239179337363563,0.0071102063422839,103.52969323834677,3320.7189038840866,3428.5510323155795,1934.2671729261388
111200.0,17.699187411978084,-0.0026999596269273,103.2423715824834,3356.375614380438,3455.4300662253063,1937.8610096010727
111400.0,17.61909858808232,-0.0004004441194788,102.9588709616315,3391.287818505061,3481.6813263829035,1941.3928382010788
111600.0,18.82763764181565,0.0060426952686666,102.51874629216788,3430.3641553479893,3507.3118545737184,1945.0375118240688
111800.0,18.505147047847604,-0.0016124529698402,102.05852779202291,3469.4408666547783,3532.3288907010788,1948.770790293035
112000.0,18.482699925717903,-0.0001122356106484,101.59133084900388,3508.124704257865,3556.7398616949336,1952.4695749903915
112200.0,18.010510332519104,-0.002360947965994,101.16071399738084,3545.092557846298,3580.552370466283,1956.1188960162156
112400.0,19.21793986791233,0.0060371476769661,100.58230531618868,3585.9847575129475,3603.7741849225113,1959.8417410362583
112600.0,17.40870964239349,-0.0090461511275942,100.16139033965749,3621.4827521817297,3626.413227058266,1963.504405987289
112800.0,18.731896276820866,0.0066159331721368,99.6224077294374,3660.0130060017054,3648.477562136018,1967.1184665792105
113000.0,17.840327411087976,-0.0044578443286644,98.99314001856386,3700.7349604028336,3669.97538796996,1970.7756889480013
113200.0,19.12328216693126,0.0064147737792164,98.22041814013528,3745.2812501451976,3690.91502432633,1974.4720499058035
113400.0,17.523508389084807,-0.0079988688892322,97.57985022656123,3785.240478031324,3711.3049024527695,1978.1367289614047
113600.0,18.932453883072128,0.0070447274699366,96.80633563778646,3828.72000101433,3731.1535547487065,1981.7823251886205
113800.0,17.799211404146554,-0.0056662123946278,96.10391089990296,3869.495126596224,3750.4696045882592,1985.4554917173425
114000.0,17.830963554373636,0.0001587607511354,95.4178522297428,3909.2463706878943,3769.261756306537,1989.0185092131944
114200.0,18.50690480806684,0.003379706268466,94.63366535497704,3951.480308765124,3787.5387853596712,1992.6522960494383
114400.0,17.494762906104157,-0.0050607095098134,93.93065418800042,3990.728043224886,3805.3095286682983,1996.2524628208555
114600.0,17.63666637184574,0.0007095173287079,93.22715375437686,4029.493327957454,3822.582875153667,1999.7656057486504
114800.0,18.30853834039217,0.0033593598427321,92.42452565513328,4070.798497710583,3839.3677564749046,2003.3601262198745
115000.0,18.25309785796661,-0.0002772024121278,91.58996699964584,4112.599646136256,3855.673137975437,2007.0162898397105
115200.0,19.038891151460188,0.0039289664674678,90.645530270604,4157.287060078972,3871.508009845925,2010.745488740653
115400.0,17.585222557914427,-0.0072683429677288,89.83615056289841,4197.386978813971,3886.8813785105176,2014.4079001115904
115600.0,18.212279257243857,0.0031352834966471,88.98565032135902,4238.290640925099,3901.802258242617,2017.987650293106
115800.0,18.309649167724444,0.0004868495524029,88.08773139400951,4280.199468928791,3916.279663015782,2021.639843135603
116000.0,17.52614871440372,-0.0039175022666036,87.26533570934427,4319.366592674352,3930.322598594819,2025.223422923816
116200.0,17.49272643115986,-0.0001671114162193,86.4576492741678,4357.658869545697,3943.940054871523,2028.725310438372
116400.0,17.497989458899166,2.6315138696535456e-05,85.77146766655659,4391.822661235689,3957.140998448993,2032.224382027378
116600.0,17.17694178501248,-0.0016052383694334,85.10690037246422,4424.918559099087,3969.9343654778695,2035.6918751517687
116800.0,18.43728697508015,0.0063017259503383,84.29799435974066,4462.025327057232,3982.329054747309,2039.2532980277783
117000.0,17.977030401729557,-0.0023012828667529,83.49163599487494,4498.664441389559,3994.3339210329887,2042.8947297654595
117200.0,18.05023446328419,0.0003660203077731,82.6779704287213,4535.145772106441,4005.957768703877,2046.497456251961
117400.0,18.309474508804986,0.0012962002276039,81.81999384361781,4572.608533666516,4017.20934558904,2050.1334271491696
117600.0,17.57492538348425,-0.0036727456266036,81.02676765466246,4607.729585255296,4028.097337105234,2053.721867138399
117800.0,19.54669375361291,0.0098588418506433,80.01334954116483,4649.222532162956,4038.630360645541,2057.4340290521086
118000.0,18.77622110954104,-0.0038523632203593,79.01709186850677,4689.844803645995,4048.8169602288767,2061.266320538424
118200.0,18.745332162928975,-0.0001544447330602,78.03874289676074,4729.582005913671,4058.665601409712,2065.0184758656706
118400.0,19.537267896486505,0.0039596786677876,76.95309129440787,4772.267727402767,4068.184666446927,2068.8467358716125
118600.0,18.567343670508023,-0.0048496211298924,75.95048488321386,4812.095136548119,4077.382449730302,2072.657197028312
118800.0,18.52877682675168,-0.0001928342187817,74.9732442831112,4850.8345406137,4086.2671534627466,2076.366809078038
119000.0,18.585752635174977,0.0002848790421164,73.98044281786086,4889.74435551032,4094.846883595969,2080.0782620242303
119200.0,19.527807108120992,0.00471027236473,72.86105425141919,4932.224438636094,4103.129646016951,2083.88961799856
119400.0,19.52326825562549,-2.269426247750061e-05,71.69970502351643,4975.697354513776,4111.123342982203,2087.7947255349345
119600.0,18.7621434174795,-0.0038056241907299,70.62497426079321,5016.242806129259,4118.835769796492,2091.623266702245
119800.0,18.669896096891843,-0.0004612366029382,69.46785513225382,5059.031637442015,4126.274611732369,2095.3664706536824
120000.0,18.31228024463589,-0.0017880792612797,68.34894622118428,5100.387134129396,4133.447441186576,2099.064688287835
120200.0,19.02501012900171,0.0035636494218291,67.14662169545187,5144.032422273048,4140.361715069103,2102.798417325199
120400.0,17.94778039314287,-0.0053861486792941,66.0432026708257,5184.4049308267,4147.0247724204255,2106.4956963774134
120600.0,19.24131761451285,0.0064676861068499,64.81093819906607,5228.469670270739,4153.443832252207,2110.2146061781787
120800.0,18.080612047715157,-0.0058035278339885,63.66852376607659,5269.552590552887,4159.625991606526,2113.9467991444017
121000.0,19.07826352864944,0.0049882574046714,62.43639367444327,5313.1463970742525,4165.578223828495,2117.662686702038
121200.0,16.571541756878368,-0.0125336088588553,61.46123153584867,5348.666753626763,4171.30737704694,2121.227667230591
121400.0,17.984348961066743,0.0070640360209418,60.39449427883636,5386.768372639212,4176.820172857663,2124.6832563023854
121600.0,18.42551317513268,0.0022058210703296,59.223826814589984,5427.835296017894,4182.1232052036175,2128.3242425160056
121800.0,17.705491556078808,-0.0036001080952693,58.11734059071454,5466.738184399923,4187.222939446252,2131.9373429891266
122000.0,18.0243086839852,0.0015940856395319,56.99012343505121,5506.077440681299,4192.125711622113,2135.510323013133
122200.0,18.019723135900406,-2.292774042397028e-05,55.846921498436366,5545.714276101484,4196.837727878715,2139.1147261951214
122400.0,17.707196714258547,-0.0015626321082092,54.73429118564953,5584.232468362018,4201.365064083611,2142.687418180137
122600.0,18.72463815608395,0.005087207209127,53.505881288967785,5626.10899222255,4205.713665600516,2146.330601667172
122800.0,18.034677489884302,-0.0034498033309982,52.32049448423732,5666.4982407328325,4209.889347226283,2150.006533231769
123000.0,18.338700841101403,0.0015201167560855,51.116140545342326,5707.299699622292,4213.8977932825,2153.643871064867
123200.0,18.13133879728241,-0.0010368102190949,49.98268802735337,5745.773438619809,4217.744557855454,2157.290875028705
123400.0,17.934433037793553,-0.0009845287974443,48.873477637074856,5783.350323365545,4221.4350651781815,2160.897452212213
123600.0,18.591445318351617,0.0032850614027903,47.68849306736408,5823.091146940375,4224.974610148347,2164.550040047828
123800.0,17.498658198316555,-0.0054639356001753,46.60600719506825,5859.554839166364,4228.368358975699,2168.1590503994944
124000.0,18.58402707666592,0.0054268443917468,45.426548407030246,5898.840296118101,4231.621349952875,2171.7673189269926
124200.0,18.473883399957117,-0.000550718383544,44.220701344354765,5938.796068273332,4234.73849434337,2175.473109974655
124400.0,19.089376379259186,0.0030774648965103,42.93936813392167,5980.9268808892375,4237.724577380544,2179.2294359525768
124600.0,0.0,0.0,181.6856458185385,0.0,4238.698783265044,2179.2294359525768
124800.0,0.0,0.0,181.71917268681997,0.0,4239.723029091044,2179.2294359525768
125000.0,0.0,0.0,181.75441118100977,0.0,4240.799565088541,2179.2294359525768
125200.0,0.0,0.0,181.79143767533506,0.0,4241.930724490179,2179.2294359525768
125400.0,0.0,0.0,181.83033132942202,0.0,4243.118925622536,2179.2294359525768
125600.0,0.0,0.0,181.8711741568288,0.0,4244.366673999813,2179.2294359525768
125800.0,0.0,0.0,181.91405109355654,0.0,4245.676564416845,2179.2294359525768
126000.0,0.0,0.0,181.959050066433,0.0,4247.051283038221,2179.2294359525768
126200.0,0.0,0.0,182.00626206125855,0.0,4248.493609480142,2179.2294359525768
126400.0,18.769744370619836,-0.0015981600431967,41.67229075500176,6022.495776806286,4240.58425937159,2183.0153480275644
126600.0,18.79848869563642,0.0001437216250829,40.40849478039346,6063.842561359421,4243.322076900441,2186.77217133419
126800.0,17.952463113014996,-0.0042301279131071,39.241632243737946,6102.110579077539,4245.942444123733,2190.447266515055
127000.0,18.66282249837459,0.0035517969267979,38.01378001897182,6142.128674574358,4248.449654153947,2194.1087950761944
127200.0,18.50687196105132,-0.0007797526866163,36.77786153240926,6182.284210708912,4250.847880524015,2197.8257645221365
127400.0,18.75511241358828,0.0012412022626848,35.51362064781276,6223.200067937065,4253.141178727745,2201.5519629596006
127600.0,19.899267077154903,0.0057207733178331,34.09423915050815,6268.75448178253,4255.333487830554,2205.417400908675
127800.0,0.5341637365992978,,100.0,,,2207.526796479634
127800.0,1.1946886324346393,-0.0935228922236013,34.16281997913438,6268.75448178253,4257.428632145085,2207.526796479634
128000.0,24.582994666300323,0.1202441546485051,100.86058152766444,40.67162583592415,66.96239150607296,2210.038512319924
128200.0,23.65050433753264,-0.0046624516438384,100.68959947170195,112.64670750803184,133.7139713685265,2214.861862220307
128400.0,23.234905133625738,-0.0020779960195345,100.63569953379124,180.81712650537884,200.23774726270145,2219.550403167423
128600.0,23.622332391066564,0.0019371362872041,100.532387209778,250.25036257446797,266.51479183318537,2224.2361269198923
128800.0,23.01744545383952,-0.0030244346861352,100.49943842834053,317.2685503342631,332.5263943200657,2228.900104704383
129000.0,23.73507505395299,0.0035881480005673,100.37164289297242,386.9003859943634,398.2540763746708,2233.575356755162
129200.0,23.376595024221984,-0.001792400148655,100.253272287795,455.9421391441021,463.6796075362391,2238.2865237629794
129400.0,23.18671828087393,-0.0009493837167402,100.17624588557024,523.4007085438036,528.7850203479745,2242.942855093489
129600.0,22.82003025583478,-0.0018334401251957,100.15869595541176,588.7044636538524,593.5526250916816,2247.54352994716
129800.0,22.697075610439693,-0.0006147732269754,100.16890045877204,652.8051151054635,657.9650241209486,2252.0952405337875
130000.0,22.19586501306437,-0.0025060529868766,100.25275077339212,714.2835896465217,722.005125773651,2256.584534596138
130200.0,22.720929947559437,0.0026253246724753,100.26690217249724,777.5022964756232,785.6561578454142,2261.0762140922
130400.0,22.227994188614748,-0.0024646787947234,100.31849120577016,839.1717742702535,848.9016806065326,2265.5711065058176
130600.0,22.20585714763417,-0.0001106852049028,100.3520074181715,900.9717727206324,911.725599345772,2270.0144916394424
130800.0,23.38222163586446,0.0058818224411514,100.18488641705558,968.4638963843706,974.1121764254184,2274.5732995177923
131000.0,22.9542102765874,-0.0021400567963853,100.00809308196712,1035.7987991788038,1036.0460428328995,2279.206942709038
131200.0,22.13006984579912,-0.0041207021539413,99.97192790663254,1098.3698116676844,1097.512209215309,2283.7153707212765
131400.0,21.77314619441259,-0.0017846182569326,100.01686438806858,1157.9808693286718,1158.496076384167,2288.1056923252977
131600.0,19.693619351690373,-0.010397634213611,100.36496828898994,1207.8336640501454,1218.9834452787877,2292.252368879908
131800.0,21.8359077478942,0.0107114419810191,100.48346537284232,1264.190659237341,1278.960526377674,2296.405321589866
132000.0,20.774126591628963,-0.0053089057813261,100.6412066616615,1318.825085034667,1338.4139485484257,2300.6663250238184
132200.0,21.556551189968783,0.003912122991699,100.71559387583432,1375.4693744209744,1397.3307673277127,2304.899392801978
132400.0,21.35465287802735,-0.0010094915597071,100.76530828545944,1432.3183045031765,1455.6984726239623,2309.190513208778
132600.0,21.12830784721473,-0.001131725154063,100.83927246891338,1487.8652219111789,1513.5049958364823,2313.4388092813024
132800.0,21.49514828387618,0.0018342021833072,100.85109875945872,1544.7376492843864,1570.73871638585,2317.701154894411
133000.0,22.47934306520187,0.0049209739066284,100.67725406688642,1606.698355908095,1627.388467651475,2322.098604029319
133200.0,21.464133325526177,-0.0050760486983784,100.59098308460322,1665.38900907872,1683.4435423133486,2326.492951668392
133400.0,21.767380618903715,0.0015162364668876,100.30436104261211,1729.595467244273,1738.8936970960729,2330.816103062835
133600.0,20.302367726353268,-0.0073250644627522,100.20327638129324,1787.5190634658272,1793.7291569143365,2335.0230778973605
133800.0,19.06247478793866,-0.006199464692073,100.3212510532721,1838.1263987426248,1847.9406184200875,2338.9595621487897
134000.0,20.049065913221003,0.0049329556264117,100.33776964324504,1891.2003903515665,1901.519252952702,2342.8707162189057
134200.0,19.99544956081936,-0.0002680817620082,100.29727662630845,1945.3749079607717,1954.4567088944943,2346.87516776631
134400.0,19.617143992397235,-0.0018915278421106,100.290047369283,1997.88416630335,2006.745113434945,2350.8364271216315
134600.0,18.36804839999124,-0.0062454779620299,100.44228967541711,2044.865124164029,2058.377073748023,2354.6349463608703
134800.0,18.74178010754435,0.0018686585377655,100.57345240061004,2091.826706749343,2109.34567758798,2358.345929211624
135000.0,18.80117915355222,0.0002969952300393,100.66058092915608,2139.463745924225,2159.6444933099438,2362.1002251377336
135200.0,18.595035716733157,-0.0010307171840953,100.74955779062412,2186.368578819024,2209.2675693225906,2365.839846624762
135400.0,19.68419272121745,0.0054457850224214,100.68326396451282,2237.3357188652167,2258.209432981083,2369.6677694685573
135600.0,19.461500860833077,-0.0011134593019218,100.57843023194118,2288.794045343536,2306.465088929339,2373.582338826762
135800.0,19.69706007866409,0.001177796089155,100.4286367642492,2340.9351637537475,2354.030016901561,2377.498194920712
136000.0,19.56820681354023,-0.0006442663256193,100.2634894792143,2392.8505654037745,2400.900168993771,2381.424721609932
136200.0,19.766808954623723,0.0009930107054174,100.05404101888088,2445.421013290073,2447.071966416884,2385.3582231867485
136400.0,19.352898214241996,-0.0020695537019086,99.8691753585494,2496.5389885399168,2492.542295743601,2389.270193903635
136600.0,18.73814001230202,-0.0030737910096998,100.03154035081562,2536.344946944716,2537.308504662133,2393.079297726289
136800.0,18.974959402658133,0.0011840969517805,100.16184600654611,2576.4240017504453,2581.368397250429,2396.850607667786
137000.0,19.483488878374285,0.0025426473785807,100.19818969711169,2618.665533538476,2624.7202287852374,2400.696452495889
137200.0,18.978019518993055,-0.0025273467969061,100.25716831036394,2659.5062082193,2667.362700100918,2404.5426033356257
137400.0,18.22543519787561,-0.0037629216055872,100.40025832347207,2697.06705973142,2709.294951513492,2408.262948807313
137600.0,19.76079344997751,0.0076767912605094,100.3581496216469,2739.5750853846203,2750.516556325933,2412.0615716720977
137800.0,18.648034310522487,-0.0055637956972751,100.37907219089334,2779.446858499397,2791.0275139311884,2415.902454448148
138000.0,18.23692259697385,-0.0020555585677431,100.46103080115029,2816.743751554696,2830.828242529837,2419.5909501388974
138200.0,18.505092664937877,0.0013408503398201,100.50077962216147,2854.620754022685,2869.919571479718,2423.2651516650885
138400.0,18.56487914890521,0.0002989324198366,100.50200002649386,2892.9666324857862,2908.3027332951733,2426.972148846473
138600.0,18.81458064272354,0.0012485074690916,100.44836420091086,2932.281828976078,2945.9793553139048,2430.710094825636
138800.0,0.0,0.0,197.41349470220175,0.0,2962.2847368144367,2430.710094825636
139000.0,0.0,0.0,197.9629179860393,0.0,2979.069618135674,2430.710094825636
139200.0,0.0,0.0,198.52833030961926,0.0,2996.342964621042,2430.710094825636
139400.0,0.0,0.0,199.11002403494257,0.0,3014.1137079296695,2430.710094825636
139600.0,0.0,0.0,199.70829012506155,0.0,3032.3907369828034,2430.710094825636
139800.0,0.0,0.0,200.3234178408808,0.0,3051.182888701082,2430.710094825636
140000.0,0.0,0.0,200.95569443137356,0.0,3070.4989385406343,2430.710094825636
140200.0,0.0,0.0,201.60540481749257,0.0,3090.3475908365713,2430.710094825636
140400.0,0.0,0.0,202.27283127007647,0.0,3110.7374689630105,2430.710094825636
140600.0,18.316223464384205,-0.0024917858916966,100.42332961220104,2970.0187313969263,2982.951451049668,2434.4231752363467
140800.0,20.02033538290979,0.0085205595926279,100.18340201588228,3013.6184796640823,3019.2214112492857,2438.256831121076
141000.0,18.76626895377402,-0.0062703321456788,100.0194407512872,3054.1980797207966,3054.7919946726206,2442.1354915547445
141200.0,18.589257653521464,-0.0008850565012627,99.89473941724675,3092.882029417417,3089.666318614306,2445.871044215474
141400.0,19.17551882611208,0.002931305862953,99.6821025973546,3133.5596148369373,3123.84784918612,2449.6475218634373
141600.0,19.15771087561621,-8.903975247932294e-05,99.42955279300732,3174.767553552581,3157.340391378955,2453.4808448336103
141800.0,18.46102995510756,-0.0034834046025432,99.219161628348,3214.002691177309,3190.148078923341,2457.2427189166824
142000.0,18.9979725248351,0.0026847128486377,98.9440298833028,3254.535251032584,3222.2753639674847,2460.9886191646765
142200.0,19.059488629523727,0.0003075805234431,98.6213402058396,3295.8450633032967,3253.7270065916964,2464.7943652801127
142400.0,19.213344000210427,0.0007692768534334,98.25550632610516,3337.8023459154806,3284.5080641779928,2468.621648543086
142600.0,19.99892990509972,0.0039279295244464,97.76250162748433,3382.979455933897,3314.6238806535434,2472.5428759336173
142800.0,18.23770372254821,-0.0088061309127575,97.44273121561574,3422.20463698937,3344.0800756264307,2476.3665392963817
143000.0,18.875397860762845,0.0031884706910731,97.08088827584916,3462.061396604824,3372.882533432016,2480.077849454713
143200.0,18.66628862161297,-0.0010455461957493,96.7024315160133,3501.77810929374,3401.0373921079463,2483.8320181029508
143400.0,19.208116982821792,0.0027091418060441,96.24367957700017,3543.3066212382246,3428.5510323155795,2487.619458663394
143600.0,19.29845350978455,0.0004516826348137,95.73434598692468,3585.745796324757,3455.4300662253063,2491.4701157126547
143800.0,18.69010716861257,-0.0030417317058599,95.2769221905232,3625.97135346242,3481.6813263829035,2495.268971780494
144000.0,18.898181331741736,0.0010403708156458,94.7937238744102,3666.363590210487,3507.3118545737184,2499.02780063053
144200.0,18.977455432195917,0.0003963705022708,94.27386189785533,3707.262409721599,3532.3288907010788,2502.815364306924
144400.0,18.81715472786975,-0.0008015035216308,93.751180877441,3747.6412858891113,3556.7398616949336,2506.5948253229303
144600.0,18.81969534317713,1.2703076536926262e-05,93.21385855703284,3787.8689915489294,3580.552370466283,2510.3585103300347
144800.0,19.29758952768444,0.0023894709225365,92.59830833789071,3829.8958651999496,3603.7741849225113,2514.170238817121
145000.0,19.71249595188902,0.0020745321210229,91.7501890049103,3878.444952958256,3626.413227058266,2518.0712473650783
145200.0,18.36228960192713,-0.0067510317498094,91.04160517353964,3922.1565240843815,3648.477562136018,2521.87872592046
145400.0,18.95841248733145,0.0029806144270215,90.28858273809476,3966.659185321165,3669.97538796996,2525.610796129386
145600.0,19.59770623619693,0.0031964687443274,89.41326955497028,4014.339639421988,3690.91502432633,2529.4664080017387
145800.0,18.144089553499565,-0.0072680834134868,88.68119517879673,4057.0943897405296,3711.3049024527695,2533.2405875807085
146000.0,19.010021703182385,0.004329660748414,87.8757248843239,4101.550159532611,3731.1535547487065,2536.9559987063767
146200.0,19.41010302288664,0.0020004065985212,86.96961464540807,4148.547877171042,3750.4696045882592,2540.7980111789834
146400.0,18.52167189394549,-0.0044421556447057,86.14473113629907,4192.540220092601,3769.261756306537,2544.5911886706667
146600.0,18.524653553558256,1.4908298063822656e-05,85.3342520707135,4235.5773845993735,3787.5387853596712,2548.295821215417
146800.0,19.62283640748712,0.0054909142696443,84.36884433692386,4282.841334175275,3805.3095286682983,2552.110570211521
147000.0,18.634692653198755,-0.0049407187714418,83.47225307662136,4327.5055436628845,3822.582875153667,2555.9363231175903
147200.0,19.40069134151802,0.0038299934415963,82.49889195151852,4374.026607356014,3839.3677564749046,2559.739861517062
147400.0,18.69508496913546,-0.0035280318619127,81.57107677846206,4418.676742393421,3855.673137975437,2563.549439148127
147600.0,18.8656878632898,0.0008530144707716,80.63213579941936,4463.196261173664,3871.508009845925,2567.3055164313696
147800.0,18.63894794430401,-0.0011336995949289,79.70023827973344,4507.039099064661,3886.8813785105176,2571.055980012129
148000.0,19.79741058184841,0.0057923131877219,78.61444123295307,4555.131078575901,3901.802258242617,2574.899615864744
148200.0,19.12442653630693,-0.0033649202277073,77.70660932222877,4597.342748221693,3916.279663015782,2578.79179957656
148400.0,18.995190401062093,-0.0006461806762242,76.8235577024829,4638.362910783966,3930.322598594819,2582.6037612702967
148600.0,18.529513336464543,-0.0023283853229877,75.98761788229703,4677.518328567349,3943.940054871523,2586.3562316440493
148800.0,19.334740324671166,0.0040261349410331,75.05511718562195,4719.207168428243,3957.140998448993,2590.142657010163
149000.0,18.368633451339758,-0.004830534366657,74.20084612511259,4758.09851635568,3969.9343654778695,2593.912994387764
149200.0,19.369701402656894,0.0050053397565856,73.2431093926118,4799.752062803019,3982.329054747309,2597.686827873164
149400.0,18.20296532172241,-0.0058336804046724,72.38186335226126,4838.067995621407,3994.3339210329887,2601.4440945456017
149600.0,19.209065328590352,0.0050305000343397,71.42414157442813,4878.950243605097,4005.957768703877,2605.185297610633
149800.0,18.851903812923528,-0.0017858075783341,70.46457126847291,4919.516693337193,4017.20934558904,2608.9913945247845
150000.0,18.49636879882591,-0.001777675070488,69.54781153079801,4958.411694839355,4028.097337105234,2612.7262217859598
150200.0,18.56480777770858,0.0003421948944133,68.62246713657903,4997.213989623052,4038.630360645541,2616.432339443613
150400.0,19.52599429370805,0.0048059325799973,67.56634951175707,5039.664982644698,4048.8169602288767,2620.2414196507543
150600.0,18.910911900215076,-0.0030754119674648,66.54301218591493,5080.776579130011,4058.665601409712,2624.0851102701467
150800.0,18.679696504578207,-0.0011560769781843,65.55747471691491,5120.403813845176,4068.184666446927,2627.844171110626
151000.0,19.44605593652332,0.0038317971597255,64.47498322203616,5162.671712297098,4077.382449730302,2631.656746354736
151200.0,17.75415473408486,-0.0084595060121922,63.56258845492885,5199.43007616467,4086.2671534627466,2635.376767421797
151400.0,18.537507502812737,0.0039167638436393,62.5996523850156,5237.427503233743,4094.846883595969,2639.0059336454865
151600.0,18.948443071876625,0.0020546778453194,61.44358582172888,5281.028099163133,4103.129646016951,2642.754528702956
151800.0,18.48297100306277,-0.0023273603440692,60.321191830257845,5323.310932567826,4111.123342982203,2646.4976701104497
152000.0,18.82598041703792,0.0017150470698757,59.16356050351934,5366.388996413976,4118.835769796492,2650.22856525246
152200.0,18.20207792757045,-0.0031195124473373,58.06145585649083,5407.497135316574,4126.274611732369,2653.9313710869205
152400.0,19.58886876294636,0.0069339541768795,56.80091833413808,5453.179386078657,4133.447441186576,2657.710465755972
152600.0,17.83194612460049,-0.0087846131917293,55.70115046887609,5493.691568244938,4140.361715069103,2661.4525472447267
152800.0,19.72463679364688,0.0094634533452319,54.420627820229086,5539.474592512427,4147.0247724204255,2665.208205536552
153000.0,19.476503439744125,-0.0012406667695137,53.0920975081739,5586.480253377495,4153.443832252207,2669.1283195598908
153200.0,19.284485593209222,-0.0009600892326744,51.79026201316456,5632.433487104349,4159.625991606526,2673.004418463186
153400.0,19.61432571814596,0.0016492006246836,50.44537362172379,5679.472059684833,4165.578223828495,2676.8942995943216
153600.0,19.921309571160077,0.0015349192650705,49.03975115458795,5728.142979274278,4171.30737704694,2680.847863123252
153800.0,19.69188012619511,-0.0011471472248248,47.64543549342758,5776.252118533451,4176.820172857663,2684.809182092988
154000.0,20.189105631119013,0.0024861275246195,46.1867793256472,5826.117096805096,4182.1232052036175,2688.797280668719
154200.0,19.10067631489128,-0.0054421465811386,44.8465543384919,5872.160704405324,4187.222939446252,2692.7262588633203
154400.0,18.731775557171048,-0.0018445037886011,43.58681200354717,5915.548604913747,4192.125711622113,2696.509504050526
154600.0,18.76673037777235,0.0001747741030065,42.32952394906108,5958.670771234899,4196.837727878715,2700.2593546440207
154800.0,19.47441547536553,0.0035384254879659,41.04031444348713,6002.58345783508,4201.365064083611,2704.0834692293347
155000.0,19.943191642070847,0.0023438808335265,39.65868056432071,6049.140974360518,4205.713665600516,2708.025229941078
155200.0,18.49699181264049,-0.0072309991471517,38.43961932135388,6090.558976958921,4209.889347226283,2711.869248286549
155400.0,19.21204880650671,0.0035752849693311,37.17579211685405,6133.177344112609,4213.8977932825,2715.640152348464
155600.0,18.367898956241508,-0.004220749251326,35.98615479591,6173.367528840404,4217.744557855454,2719.398147124739
155800.0,0.0,0.0,174.10357060374923,0.0,4219.4870529294885,2719.398147124739
156000.0,0.0,0.0,174.16332427471497,0.0,4221.312527577492,2719.398147124739
156200.0,0.0,0.0,174.22590487685653,0.0,4223.224364972916,2719.398147124739
156400.0,0.0,0.0,174.29142667133627,0.0,4225.226055794272,2719.398147124739
156600.0,0.0,0.0,174.36000749996248,0.0,4227.321200108803,2719.398147124739
156800.0,0.0,0.0,174.43176884538997,0.0,4229.5135092116125,2719.398147124739
157000.0,0.0,0.0,174.50683588970185,0.0,4231.806807415342,2719.398147124739
157200.0,0.0,0.0,174.5853375712098,0.0,4234.205033785409,2719.398147124739
157400.0,0.0,0.0,174.6674066393019,0.0,4236.712243815623,2719.398147124739
157600.0,19.372440015419308,0.005022705295889,34.696520255554475,6216.456371370992,4221.4350651781815,2723.172181021905
157800.0,19.42020320346338,0.0002388159402203,33.360007270776954,6260.826388026111,4224.974610148347,2727.051445343793
158000.0,19.259039316047957,-0.0008058194370771,32.03756792220599,6304.620658952306,4228.368358975699,2730.919369595744
158200.0,18.5646598704359,-0.0034718972280602,30.80290313328804,6345.592659230925,4231.621349952875,2734.701739514393
158400.0,18.206632236408417,-0.0017901381701374,29.629575343886444,6384.554967587639,4234.73849434337,2738.378868725077
158600.0,18.646871151901053,0.0022011945774631,28.41099689047345,6424.76862237658,4237.724577380544,2742.064219063908
158800.0,18.79293336814417,0.0007303110812155,27.15600424676493,6465.968329632921,4240.58425937159,2745.8081995159127
159000.0,19.28836924951547,0.0024771794068565,25.83069465077696,6509.194355319205,4243.322076900441,2749.6163297776784
159200.0,18.944321423218003,-0.0017202391314873,24.52727979143757,6551.634046495316,4245.942444123733,2753.439598844952
159400.0,19.304103359521758,0.0017989096815187,23.18708360358979,6595.084250064279,4248.449654153947,2757.2644413232256
159600.0,18.79488047515605,-0.0025461144218285,21.894481254195004,6636.971478208357,4250.847880524015,2761.074339706693
159800.0,19.07334258093064,0.0013923105288729,20.58137671352844,6679.380120129451,4253.141178727745,2764.8611620123024
160000.0,18.9942596571318,-0.0003954146189942,19.141910932744043,6725.548108835224,4255.333487830554,2768.667922236109
160200.0,0.3227776364722314,-0.0933574101032978,19.19032953979138,6726.164064704459,4257.428632145085,2770.599625965469
